Participant Number,Swing Number,Swing Start Time (s),Swing End Time (s),FPV Impact Frame,FPV Impact Timestamp (s),Front-View Impact Frame,Front-View Impact Timestamp (s),Timestamp Offset (s),Total Distance (m),Carry Distance (m),Ball Speed (m/s),Club Speed (m/s),Launch Angle (deg),Horizontal Launch Angle (deg),Clubface Angle (deg),Backspin (rpm),Sidespin (rpm),Lateral Distance (m)
1,1,1758243919.128,1758243922.061333,-,-,68,1758243921.394667,-,8.97,5.35,11.2,7.8,11.7,R 12.6,18.6,1623,57,R 2.0
1,2,1758243933.028,1758243936.161333,-,-,69,1758243935.328,-,10.93,5.42,11.8,9.6,8.9,R 62.2,40.2,1248,293,R 6.3
1,3,1758243944.528,1758243947.761333,-,-,72,1758243946.928,-,24.71,28.33,28.6,16.7,10,R 42.7,42.9,2642,433,R 22.6
1,4,1758243973.728,1758243976.994667,-,-,75,1758243976.228,-,40.36,31.2,21.4,15.6,19.9,R 3.4,3,4094,126,R 2.2
1,5,1758243986.961333,1758243990.228,-,-,77,1758243989.528,-,27.7,29.27,20.23,15.1,21.5,R 5.6,5.1,2701,190,R 4.3
1,6,1758244001.528,1758244004.794667,-,-,75,1758244004.028,-,46.67,27.1,22.5,16.9,22.3,R 5.1,4.4,2832,125,R 5.3
1,7,1758244016.128,1758244019.461333,-,-,77,1758244018.694667,-,26.67,13.23,22.9,18.7,5.4,R 12.3,11.4,1440,479,R 6.2
1,8,1758244093.928,1758244097.028,-,-,71,1758244096.294667,-,29.6,21.75,19.8,14,14.7,L 2.4,-2.3,3201,90,L 1.3
1,9,1758244288.528,1758244291.861333,50,1758244289.682472,76,1758244291.061333,1.38,9.77,3.73,15,12.2,1.9,R 7.8,7.2,699,244,R 1.4
1,10,1758244301.228,1758244304.394667,48,1758244302.232472,72,1758244303.628,1.4,31.65,22.47,20.3,14.2,14.4,R 3.9,2.5,3212,122,R 2.6
1,11,1758244315.428,1758244318.594667,48,1758244316.482472,73,1758244317.861333,1.38,36.92,26.89,21.7,15.2,16.6,R 7.1,7.9,3377,476,R 6.3
1,12,1758244332.428,1758244335.761333,52,1758244333.632472,78,1758244335.028,1.4,13.92,6.47,17.3,11.7,5.9,R 0.6,1.8,969,190,R 0.2
1,13,1758244345.728,1758244348.928,48,1758244346.782472,73,1758244348.161333,1.38,28.89,18.63,21.5,16.5,9.9,R 4.6,4.1,2691,141,R 2.6
1,14,1758244358.228,1758244361.594667,49,1758244359.382473,75,1758244360.728,1.35,37.01,27.26,22,15.5,16.2,R 7.6,6.8,3350,219,R 5.7
1,15,1758244377.394667,1758244380.794667,50,1758244378.532472,74,1758244379.894667,1.36,16.75,8.92,17.1,11.4,8.3,L 6.0,-6.8,1845,-92,L 1.9
1,16,1758244391.928,1758244395.194667,49,1758244393.032472,74,1758244394.394667,1.36,8.19,4.95,10.6,8.8,12.5,R 0.9,8.3,1625,251,R 1.4
1,17,1758244712.728,1758244715.928,47,1758244713.682472,71,1758244715.094667,1.41,25.58,16.48,19.5,13.3,11.1,L 4.2,-3.6,2711,145,L 1.7
1,18,1758244730.128,1758244733.394667,49,1758244731.282472,74,1758244732.594667,1.31,22,14.45,18,12.4,11.8,L 1.5,-2.7,2692,-18,L 0.7
1,19,1758244742.928,1758244746.194667,48,1758244743.882472,72,1758244745.328,1.45,12.84,6.16,16.6,13.6,6.1,L 1.6,-2.8,971,1,L 0.6
1,20,1758244761.028,1758244763.994667,43,1758244761.882472,66,1758244763.228,1.35,23.26,11.18,22.63,14.9,5.1,R 11.7,-10.2,1193,179,R 4.7
1,21,1758244774.328,1758244777.494667,46,1758244775.332472,70,1758244776.661333,1.33,44.3,25.04,22.1,19.8,21.6,R 3.7,2.9,3771,41,R 3.5
1,22,1758244793.728,1758244796.794667,45,1758244794.632472,68,1758244795.994667,1.36,17.36,10.33,16.7,13.6,9.8,L 4.8,-5.9,2254,-45,L 1.5
1,23,1758244806.394667,1758244809.561333,46,1758244807.332472,68,1758244808.694667,1.36,13.25,6.64,15.4,10.4,7.7,R 5.5,4.9,1310,159,R 1.4
1,24,1758244836.128,1758244839.394667,47,1758244837.132472,71,1758244838.494667,1.36,12.43,6.25,15.1,12.3,7.4,R 13.2,11.9,1179,275,R 2.0
1,25,1758244844.528,1758244847.794667,50,1758244845.682472,75,1758244847.028,1.35,43.83,22.53,22.8,16.5,17.8,L 2.8,-2.2,3990,172,L 1.2
1,26,1758244859.061333,1758244862.261333,47,1758244860.082472,71,1758244861.428,1.35,15.87,6.18,18.7,15.1,3.9,R 23.3,23.7,774,248,R 6.3
1,27,1758244875.728,1758244877.928,27,1758244875.682472,41,1758244877.094667,1.41,17.79,9.37,18,12.2,7.8,R 2.4,0.9,1811,-39,R 0.7
1,28,1758244925.628,1758244929.228,45,1758244926.682472,68,1758244927.894667,1.21,35.02,26.71,20.2,14.8,18.4,L 0.5,-0.8,3960,53,0.3
1,29,1758244939.561333,1758244942.161333,36,1758244939.982472,54,1758244941.361333,1.38,44.16,34.65,21.8,16.3,22.3,R 2.2,1.9,3777,116,R 2.6
1,30,1758244956.328,1758244959.694667,49,1758244957.432472,74,1758244958.794667,1.36,25.37,17.16,19.2,13.3,12,L 1.4,-1.8,2805,6,L 0.6
1,31,1758244975.628,1758244978.794667,48,1758244976.632472,73,1758244978.061333,1.43,25.37,17.16,19.2,13.3,12,L 1.4,-1.8,2803,6,L 0.6
1,32,1758244985.661333,1758244988.928,47,1758244986.632472,71,1758244988.028,1.4,23.92,11.13,19.8,16.8,7.5,R 2.7,5.1,1991,247,R 1.6
1,33,1758245016.561333,1758245019.694667,46,1758245017.482472,69,1758245018.861333,1.38,34.94,25.56,21.2,15,14.8,R 2.1,1.8,3251,130,R 1.7
1,34,1758245031.928,1758245035.061333,47,1758245032.932472,71,1758245034.294667,1.36,21.09,13.13,18.4,15,10,L 9.2,-9.7,2463,-182,L 2.5
1,35,1758245047.128,1758245050.328,48,1758245048.182472,72,1758245049.528,1.35,41.43,32.34,21.8,16.1,19.8,R 2.0,2.6,4098,131,R 3.0
1,36,1758245062.928,1758245066.194667,47,1758245063.932472,71,1758245065.294667,1.36,19.04,10.66,18.1,14.7,8.6,L 2.9,-5,2121,-65,L 1.4
1,37,1758245081.161333,1758245084.628,48,1758245082.232472,73,1758245083.594667,1.36,9.25,6.33,9.8,7.5,19.5,R 15.8,10.4,2890,27,R 2.6
1,38,1758245134.328,1758245137.661333,50,1758245135.482472,75,1758245136.828,1.35,38.35,28.29,21.6,15.4,16.2,R 0.5,0,2750,6,R 0.3
1,39,1758245148.128,1758245151.494667,50,1758245149.232472,75,1758245150.628,1.4,24.57,13.58,21.5,16.6,7.2,R 2.8,3.3,2172,128,R 1.8
1,40,1758245164.428,1758245167.828,52,1758245165.632472,78,1758245167.028,1.4,21.87,14.37,18,14.9,11.7,L 6.0,-7.6,2681,-96,L 2.5
1,41,1758245185.728,1758245189.061333,51,1758245186.932472,77,1758245188.294667,1.36,4.25,1.97,9.5,7.8,4.9,R 4.4,4.5,627,240,R 0.3
1,42,1758245200.428,1758245203.661333,48,1758245201.432472,73,1758245202.861333,1.43,35.44,27.72,19.8,14.7,21.8,R 6.6,5.7,2672,127,R 4.9
1,43,1758245368.328,1758245371.561333,47,1758245369.332472,71,1758245370.694667,1.36,14.54,10.07,12.6,11.6,15.4,R 7.1,6.4,2696,174,R 2.0
1,44,1758245379.628,1758245383.294667,56,1758245380.832472,85,1758245382.461333,1.63,-,-,-,-,-,-,-,-,-,-
1,45,1758245385.628,1758245389.261333,48,1758245386.682472,72,1758245388.028,1.35,33.04,27.72,22.1,15.5,14.5,R 6.1,5.2,3326,121,R 4.6
1,46,1758245416.328,1758245418.861333,33,1758245416.632472,50,1758245417.994667,1.36,13.19,6.14,13.9,9.7,7.8,R 33.2,23.7,1123,315,R 6.2
1,47,1758246077.431,1758246080.864333,26,1758246078.332472,39,1758246078.731,0.4,13.84,6.59,17.2,11.7,5.4,R 0.5,0.5,866,133,R 0.2
1,48,1758246090.431,1758246093.864333,44,1758246091.232472,66,1758246092.631,1.4,44.66,35.33,22.3,16.5,21.5,R 4.5,2.8,3763,125,R 4.5
1,49,1758246111.397667,1758246114.697667,44,1758246112.182472,66,1758246113.597667,1.42,24.06,13.93,22.9,15.5,4.6,R 9.4,8.3,1846,143,R 4.1
1,50,1758246125.964333,1758246129.264333,43,1758246126.732472,66,1758246128.164333,1.43,35.57,25.03,22.2,15.4,12.4,R 6.6,5.7,3127,143,R 4.5
1,51,1758246140.431,1758246143.731,46,1758246141.282472,69,1758246142.731,1.45,48.59,39.52,22,20.6,23.4,R 5.1,4,3852,-19,R 4.4
2,1,1761646526.128165,1761646529.864385,48,1761646528.503489,72,1761646528.529978,0.03,68.1,56.2,28,20.8,21.5,L 6.1,-5.7,3970,-108,L 9.0
2,2,1761646540.3404,1761646543.709014,46,1761646542.653489,70,1761646542.675055,0.02,67.28,57.18,27.5,21,25,L 1.6,-2,4121,-45,L 3.0
2,3,1761646554.852184,1761646558.253922,44,1761646557.053489,66,1761646557.053341,0,63.26,53.27,26.7,20.3,23.8,L 1.3,-1.3,4012,82,L 0.4
2,4,1761646569.061604,1761646572.229809,46,1761646571.353489,69,1761646571.362696,0.01,-,-,-,-,-,-,-,-,-,-
2,5,1761646875.832197,1761646879.101339,45,1761646878.053489,68,1761646878.100533,0.05,60.09,49.99,25.8,19.5,23.8,L 0.1,0,3972,157,R 1.5
2,6,1761646889.375923,1761646892.745151,48,1761646891.753489,72,1761646891.777772,0.02,60.7,48.02,27.2,23.5,17.2,L 9.8,-9.8,4057,-185,L 11.4
2,7,1761646903.921125,1761646906.990102,46,1761646906.203489,69,1761646906.222875,0.02,49.54,37.99,24.6,17.6,16.6,R 3.7,4,3953,441,R 6.0
2,8,1761646917.530895,1761646920.967077,52,1761646920.10349,70,1761646920.133126,0.03,56.32,46.11,24.9,18.8,23.2,R 1.4,0.9,3919,65,R 2.3
2,9,1761646931.775876,1761646935.211308,46,1761646934.003489,70,1761646934.11055,0.11,41.82,26.37,26,17.9,8.6,R 8.6,8.7,2759,482,R 7.8
2,10,1761646945.886479,1761646949.356425,47,1761646948.203489,71,1761646948.255564,0.05,64.17,54.9,26.6,20,26.4,R 0.7,0.9,4137,216,R 3.5
2,11,1761646961.898213,1761646966.169496,46,1761646964.153489,69,1761646964.200195,0.05,60.48,51.66,25.7,23.4,26.6,R 1.6,1.9,4093,293,R 5.2
2,12,1761646975.778164,1761646979.779657,45,1761646978.003489,68,1761646978.04569,0.04,70.53,61.23,28.2,21.9,26.9,L 0.1,0,4278,172,R 2.4
2,13,1761646990.22143,1761646994.124111,45,1761646992.503489,68,1761646992.489639,-0.01,61.82,51.32,26.7,19.1,21.8,L 4.5,-4.4,3936,-87,L 6.2
2,14,1761647005.231961,1761647009.268774,45,1761647007.503489,68,1761647007.500785,0,70.55,59.42,28.5,21.5,22.7,L 1.8,-2,4055,19,L 1.8
2,15,1761647021.014007,1761647024.949192,46,1761647023.353489,70,1761647023.348404,-0.01,44.72,30.51,26.8,18.2,9.5,R 0.0,0,2972,126,R 0.6
2,16,1761647037.058018,1761647040.961364,45,1761647039.353489,68,1761647039.326209,-0.03,55.88,47.76,23.8,19,30.5,R 9.3,8.9,4145,457,R 15.2
2,17,1761647051.668516,1761647055.670591,46,1761647053.953489,69,1761647053.969687,0.02,60.28,50.21,25.5,19.5,24.9,R 5.1,4.8,3996,355,R 9.6
2,18,1761647066.580886,1761647070.616803,46,1761647068.853489,69,1761647068.88233,0.03,50.33,39.17,25.2,18,16.1,L 1.6,-1.1,3937,200,L 0.1
2,19,1761647079.989536,1761647084.160033,47,1761647082.353489,71,1761647082.358574,0.01,59.76,50.18,25.6,20.6,25,R 3.7,3,4004,79,R 5.4
2,20,1761647093.703798,1761647097.938662,47,1761647096.053489,71,1761647096.071317,0.02,64.33,53.42,26.8,20.2,23,R 3.8,3.8,3982,372,R 8.8
2,21,1761647203.119143,1761647207.021943,46,1761647205.353489,69,1761647205.420768,0.07,63.62,54.22,26.5,21.6,26.3,R 2.2,1.4,4130,-17,R 2.2
2,22,1761647217.396371,1761647221.399347,46,1761647219.70349,70,1761647219.731471,0.03,53.6,44.42,23.6,20,26.6,R 5.3,5.4,3973,448,R 9.6
2,23,1761647231.10689,1761647234.843437,46,1761647233.403489,70,1761647233.442181,0.04,60.91,50.27,26.4,20,21.7,L 5.8,-5.3,3923,-17,L 7.2
2,24,1761647246.219804,1761647250.120974,46,1761647248.503489,69,1761647248.520429,0.02,69.79,61.04,28,22,28,R 0.1,0,4322,117,R 2.0
2,25,1761647260.531173,1761647264.566314,48,1761647262.953489,72,1761647262.932169,-0.02,52.35,41.95,24.1,21.6,21.9,L 2.0,-2,3846,51,L 1.3
2,26,1761647274.840648,1761647279.277726,48,1761647277.203489,72,1761647277.242409,0.04,66.03,55.83,26.9,20.1,25.6,R 4.0,3.9,4119,296,R 8.8
2,27,1761647287.78388,1761647292.88892,66,1761647291.10349,100,1761647291.121443,0.02,61.58,53.03,25.4,20.2,30.2,R 6.6,6.1,4247,373,R 12.7
2,28,1761647303.196261,1761647306.899275,47,1761647305.553489,71,1761647305.56468,0.01,58,48.12,25.2,17.9,24,R 3.8,3.7,3953,289,R 7.0
2,29,1761647317.373183,1761647321.274839,46,1761647319.70349,70,1761647319.707533,0,64.17,53.63,26.7,20.6,24.1,R 2.6,2.3,4022,120,R 4.7
2,30,1761647332.984767,1761647337.054365,48,1761647335.353489,72,1761647335.386532,0.03,63.7,53.25,26.6,20.1,24.2,R 1.1,0.7,4026,71,R 2.5
2,31,1761647403.371429,1761647407.54126,48,1761647405.753489,73,1761647405.806568,0.05,61.49,51.58,26,24,25.3,R 1.4,0.7,4046,-15,R 1.2
2,32,1761647417.148659,1761647421.018472,47,1761647419.453489,70,1761647419.517239,0.06,64.68,54.59,26.8,20.7,24.9,R 0.5,0.1,4076,66,R 1.7
2,33,1761647430.892843,1761647435.329101,47,1761647433.203489,71,1761647433.260997,0.06,65.54,55.35,26.9,20.5,25,R 4.3,4,4084,244,R 8.3
2,34,1761647445.139384,1761647449.374951,46,1761647447.403489,70,1761647447.474125,0.07,63.68,53.43,26.7,20.3,23.9,R 2.1,1.7,4014,113,R 3.9
2,35,1761647458.879126,1761647463.183371,46,1761647461.153489,70,1761647461.214919,0.06,62.2,52.92,25,19.8,29.7,R 13.7,12.8,4189,451,R 21.6
2,36,1761647473.69179,1761647477.861614,46,1761647475.90349,69,1761647475.993562,0.09,60.36,50.75,25.8,18.2,24.8,R 2.4,2.3,4008,170,R 4.6
2,37,1761647489.103195,1761647493.306298,47,1761647491.403489,71,1761647491.471586,0.07,60.43,52.54,24.4,20.2,35.2,R 14.8,14.1,4686,472,R 24.3
2,38,1761647504.715,1761647509.1516,47,1761647507.053489,71,1761647507.083428,0.03,55.57,45.16,24.6,18.5,23.1,R 4.9,4.6,3905,267,R 7.5
2,39,1761647523.229018,1761647527.432209,46,1761647525.553489,70,1761647525.56412,0.01,65.85,55.2,26.5,20.5,26,R 8.1,7.5,4118,387,R 14.8
2,40,1761647538.840902,1761647543.177559,46,1761647541.153489,69,1761647541.142678,-0.01,60.99,50.04,25.8,20.2,22.9,R 9.0,8.2,3943,375,R 13.8
2,41,1761647563.75988,1761647568.029601,46,1761647566.053489,69,1761647566.06157,0.01,6544,55.16,26.7,19.2,25.6,R 6.7,5.6,4106,87,R 9.8
2,42,1761647578.370889,1761647582.240511,47,1761647580.70349,71,1761647580.739383,0.04,54.55,44.75,24.4,18.4,23.2,R 8.3,7.2,3898,112,R 9.5
2,43,1761647592.185025,1761647596.354013,46,1761647594.503489,69,1761647594.519249,0.02,62.09,51.19,26.6,19.9,22.1,L 2.4,-2.7,3941,-66,L 3.7
2,44,1761647606.392539,1761647610.262328,46,1761647608.653489,69,1761647608.695078,0.04,67.26,56.78,27.5,20.9,24.2,L 0.1,-0.3,4079,99,R 1.3
2,45,1761647621.803293,1761647625.942501,44,1761647624.003489,67,1761647624.038821,0.04,66.81,56.57,27.2,20.7,24.8,R 6.2,5.7,4096,247,R 10.9
2,46,1761647636.815022,1761647641.150167,47,1761647639.153489,71,1761647639.182699,0.03,57.26,46.84,25.2,16.6,22.8,R 1.5,1.3,3916,119,R 2.8
2,47,1761647653.261253,1761647657.731355,48,1761647655.603489,72,1761647655.663002,0.06,49,38.68,22.6,17,22.6,R 12.9,12.4,3815,434,R 14.4
2,48,1761647669.441657,1761647673.477349,47,1761647671.753489,71,1761647671.809646,0.06,57.78,48.06,25.3,20.2,23.4,R 6.2,5.4,3940,117,R 7.9
2,49,1761647686.753056,1761647690.78949,46,1761647689.053489,70,1761647689.088183,0.03,64.29,53.42,27.2,24.4,21.8,L 1.5,-1.4,3953,118,L 0.4
2,50,1761647702.56501,1761647706.801613,48,1761647704.90349,72,1761647704.966902,0.06,46.78,31.74,27.7,18.8,9,L 5.8,-5,2938,132,L 3.9
3,1,1763002901.189106,1763002906.192812,48,1763002902.722022,73,1763002903.624223,0.9,77.53,66.35,29.8,22.8,24.3,R 3.6,3,4227,100,R 7.0
3,2,1763002919.70246,1763002923.638626,45,1763002921.07187,68,1763002921.970792,0.9,86.5,76.4,31.9,24.8,26.9,R 5.4,5.1,4986,404,R 17.1
3,3,1763002938.949653,1763002945.154114,46,1763002940.371709,69,1763002941.251313,0.88,81.22,70.21,30.9,23.4,23.9,R 1.1,0.9,4278,111,R 3.8
3,4,1763002955.928534,1763002961.602314,48,1763002957.471567,72,1763002958.33035,0.86,78.46,67.22,30.4,22.9,22.6,R 2.1,1.8,4164,125,R 5.0
3,5,1763002972.639982,1763002977.710909,46,1763002974.121429,70,1763002974.974287,0.85,84.81,73.95,31.8,24.1,23.7,R 3.2,2.8,4331,125,R 7.4
3,6,1763002989.655216,1763002995.457826,46,1763002991.121288,70,1763002991.989557,0.87,76.7,65.93,29.9,27.1,23.9,R 2.8,1.9,4206,-63,R 3.1
3,7,1763003006.064583,1763003011.702034,46,1763003007.471152,68,1763003008.366261,0.9,79.13,68.51,30.4,25.2,24.2,R 3.6,3.1,4262,131,R 7.5
3,8,1763003024.477908,1763003030.048738,45,1763003025.870999,67,1763003026.74617,0.88,94.17,83.28,34.1,25.9,23.9,R 4.0,3.6,4865,150,R 10.4
3,9,1763003041.490181,1763003045.359672,45,1763003042.870858,68,1763003043.758415,0.89,71.19,58.24,29.8,21.5,17.3,R 1.6,1.4,4125,136,R 3.7
3,10,1763003059.803301,1763003062.972192,44,1763003061.170706,67,1763003062.038196,0.87,89.54,79.74,32.8,25.3,26.1,R 6.2,5.7,5045,263,R 16.1
3,11,1763003095.129388,1763003100.966572,48,1763003096.670411,71,1763003097.530981,0.86,94.3,82.74,34.2,26,22.1,R 1.4,1.1,4392,87,R 4.6
3,12,1763003113.441839,1763003118.249054,44,1763003114.82026,67,1763003115.676835,0.86,80.63,68.75,30.9,25.7,22,R 3.2,2.7,4154,102,R 6.6
3,13,1763003131.855076,1763003136.692466,46,1763003133.320107,70,1763003134.191068,0.87,78.59,66.85,30.5,26,22.2,R 0.9,0.3,4145,-27,R 0.6
3,14,1763003147.366318,1763003152.239572,46,1763003148.819978,70,1763003149.701287,0.88,84.28,73.29,31.9,29,23.3,R 2.4,0.9,4314,-145,R 1.9
3,15,1763003161.978229,1763003165.24554,44,1763003163.369857,67,1763003164.211994,0.84,82.15,73.29,31,29.2,28.3,R 6.2,5.6,5031,245,R 14.7
3,16,1763003184.492951,1763003187.66134,44,1763003185.81967,66,1763003186.694145,0.87,83.57,74.53,30.6,29.7,32,R 12.3,11.6,5883,455,R 29.5
3,17,1763003204.44072,1763003209.179148,42,1763003205.719505,64,1763003206.575592,0.86,84.17,72.44,31.7,23.7,22.6,R 2.1,1.7,4254,107,R 5.3
3,18,1763003222.519863,1763003228.524845,46,1763003223.969353,69,1763003224.821886,0.85,92.81,83.05,34,26.6,25.5,R 1.5,0.7,5280,-100,R 0.7
3,19,1763003240.666841,1763003246.637829,43,1763003241.969204,65,1763003242.835041,0.87,88.7,78.03,32.7,24.9,24.5,R 2.8,2.5,4599,166,R 8.0
3,20,1763003258.746508,1763003262.048826,44,1763003260.069053,66,1763003260.948053,0.88,87.34,7817,31.7,25.7,32,R 11.7,11,6176,434,R 29.9
3,21,1763003335.602318,1763003340.1377,45,1763003337.018414,68,1763003337.870028,0.85,71.96,62.32,28.4,21.3,26.6,R 5.5,5,4271,212,R 10.8
3,22,1763003351.715506,1763003355.350187,44,1763003353.06828,65,1763003353.916348,0.85,82.62,71.88,31.2,28.1,24.5,R 0.1,-0.2,4341,5,R 0.3
3,23,1763003369.526289,1763003372.661885,44,1763003370.918132,66,1763003371.761228,0.84,68.94,49.48,32.8,22.3,9,R 6.3,6.1,3260,535,R 11.7
3,24,1763003387.43909,1763003390.508011,44,1763003388.767984,66,1763003389.64071,0.87,84.43,72.47,31.6,28.6,22.9,R 3.0,2.8,4265,219,R 8.6
3,25,1763003406.152572,1763003411.523424,46,1763003407.567828,69,1763003408.454239,0.89,72.89,63.67,28.8,22.3,26.8,R 1.8,1.8,4302,182,R 5.4
3,26,1763003421.765574,1763003426.367648,46,1763003423.217697,70,1763003424.099901,0.88,75.98,64.63,29.8,25.8,23,R 0.9,-0.3,4147,-74,R 0.2
3,27,1763003438.47638,1763003441.678376,46,1763003439.867559,68,1763003440.777821,0.91,94.61,85.34,33.4,27.3,33.8,R 12.8,11.9,6927,462,R 36.1
3,28,1763003457.123636,1763003461.359382,43,1763003458.417405,65,1763003459.291784,0.87,80.82,70.12,31,24.7,23.8,R 0.2,-0.3,4280,-59,L 0.8
3,29,1763003476.10305,1763003479.238634,46,1763003477.517246,69,1763003478.404702,0.89,89.29,79.05,32.8,22,25.7,R 5.1,4.6,4961,178,R 12.4
3,30,1763003494.61626,1763003499.754453,45,1763003496.017092,68,1763003496.884674,0.87,83.43,71.18,32,28,20.2,L 0.9,-1,4104,53,L 0.1
3,31,1763003516.532469,1763003519.701312,42,1763003517.816912,64,1763003518.667296,0.85,85.44,76.16,31.4,25,30.3,R 9.0,8.4,5654,436,R 24.2
3,32,1763003533.847641,1763003538.649364,45,1763003535.266766,68,1763003536.114917,0.85,85.12,72.69,31.8,27.7,22.2,R 0.2,0.1,4232,124,R 2.7
3,33,1763003550.456528,1763003554.492775,42,1763003551.766629,63,1763003552.591422,0.82,84.34,73.03,32,23.1,22.3,R 1.8,1.2,4250,-30,R 2.1
3,34,1763003568.370556,1763003572.806716,44,1763003569.71648,65,1763003570.571807,0.86,77.68,66.21,30.1,25.9,22.8,R 2.8,2.1,4154,49,R 5.4
3,35,1763003590.785585,1763003594.087876,46,1763003592.216293,69,1763003593.087181,0.87,84.51,75.12,30.9,24.8,31.5,R 10.6,10,5840,480,R 27.5
3,36,1763003608.465733,1763003611.800395,46,1763003609.916146,69,1763003610.766661,0.85,-,-,-,-,-,-,-,-,-,-
3,37,1763003624.609966,1763003628.179167,45,1763003626.016012,68,1763003626.878248,0.86,-,-,-,-,-,-,-,-,-,-
3,38,1763003642.023169,1763003645.224964,45,1763003643.415868,68,1763003644.291111,0.88,-,-,-,-,-,-,-,-,-,-
3,39,1763003773.617513,1763003776.852628,45,1763003774.964775,68,1763003775.885423,0.92,-,-,-,-,-,-,-,-,-,-
3,40,1763003784.960948,1763003790.02948,44,1763003786.36468,66,1763003787.161771,0.8,85.7,75.94,32.1,25.5,25.3,L 1.4,-1.1,4624,161,R 0.9
3,41,1763003851.374835,1763003854.609207,45,1763003852.814128,68,1763003853.6422,0.83,89.93,80.27,32.5,25.7,29.4,R 7.2,6.9,5798,482,R 23.4
3,42,1763003873.188788,1763003878.058949,45,1763003874.613947,67,1763003875.457094,0.84,92.84,82.79,33.6,26.3,26.4,R 2.5,2.5,5382,330,R 12.1
3,43,1763003892.769706,1763003895.871907,42,1763003894.063785,64,1763003894.904562,0.84,81.14,72.34,30.6,24.4,29.2,R 5.6,5.7,5105,453,R 17.5
3,44,1763003910.248277,1763003915.252767,45,1763003911.663639,68,1763003912.516123,0.85,96.78,87.43,34.9,27.3,27.7,R 0.6,0.6,6102,150,R 5.0
3,45,1763003926.729523,1763003932.598646,46,1763003928.163502,69,1763003929.030546,0.87,92.65,80.46,33.8,23.5,21.6,L 0.7,-0.9,4325,-10,L 1.4
3,46,1763003945.140688,1763003949.813302,46,1763003946.613348,69,1763003947.475778,0.86,83.77,73.13,31.5,24,24.3,R 0.2,0.4,4346,195,R 4.0
3,47,1763003965.387851,1763003969.62483,42,1763003966.663182,64,1763003967.52375,0.86,89.76,79.37,33,25.2,24.7,R 0.3,0.5,4740,154,R 3.8
3,48,1763003983.303357,1763003988.705551,44,1763003984.663032,67,1763003985.537583,0.87,95.09,84.36,34.5,26.1,23.3,R 0.5,0.3,4782,122,R 3.7
3,49,1763004001.183886,1763004004.517692,46,1763004002.612883,69,1763004003.484234,0.87,96.54,86.97,34.1,27.4,31.7,R 8.9,8.4,6656,476,R 29.4
3,50,1763004020.661621,1763004025.565129,46,1763004022.112721,70,1763004022.996636,0.88,91.77,82.13,33.6,25.8,25.3,R 2.8,2.2,5083,72,R 7.1
3,51,1763004038.609712,1763004041.877592,46,1763004040.012572,69,1763004040.910583,0.9,81.45,70.24,30.8,20.5,24.1,R 4.0,3.7,4283,177,R 9.2
3,52,1763004065.627132,1763004070.898056,46,1763004067.062347,69,1763004067.927888,0.87,80.14,68.71,30.7,22.4,22.8,R 1.5,1.3,4191,126,R 4.3
3,53,1763004084.941222,1763004090.411891,44,1763004086.262187,65,1763004087.142841,0.88,96.55,87.35,34.8,30.8,27.5,R 4.1,3.7,6039,175,R 12.2
4,1,1758868501.834993,1758868505.971832,61,1758868503.659857,92,1758868504.904229,1.24,73.02,61.59,31.3,27,16.7,L 0.2,-0.1,4118,127,R 1.5
4,2,1758868526.123015,1758868530.191875,54,1758868527.617014,82,1758868528.857832,1.24,92.57,81.33,24.13,25.3,21.2,R 0.9,-0.7,4312,93,R 3.8
4,3,1758868577.132168,1758868580.069662,11,1758868576.431596,17,1758868577.699322,1.27,100.13,86.54,36.1,26.13,18.6,L 1.3,-1.7,4451,-125,L 4.4
4,4,1758868598.617122,1758868601.952701,26,1758868598.688245,40,1758868599.951305,1.26,91.96,75.44,25.4,29.7,12.7,L 0.5,-0.7,4325,-15,L 1.7
4,5,1758868620.736033,1758868624.638035,29,1758868620.944893,44,1758868622.203446,1.26,106.33,91.1,37.53,27.43,18.9,L 2.5,-2.7,4622,-192,L 7.8
4,6,1758868644.156166,1758868647.724713,27,1758868644.251856,41,1758868645.523564,1.27,101.93,83.76,26.33,26.63,19.3,R 1.4,-0.9,4625,-7,R 2.9
4,7,1758868667.975802,1758868671.644888,30,1758868668.209013,44,1758868669.476782,1.27,105.64,92.46,37.2,27.2,18.9,L 0.9,-1,4602,67,R 0.1
4,8,1758868691.629411,1758868695.198614,36,1758868692.166169,53,1758868693.430717,1.26,82.19,67.5,22.4,27.8,16.2,L 1.3,-1.5,4183,-6,L 2.0
4,9,1758868712.580779,1758868716.116624,37,1758868713.172444,56,1758868714.448812,1.28,92.56,86.83,35.63,31.4,19.7,R 0.3,-0.3,4664,124,R 2.4
4,10,1758868735.066423,1758868738.635367,28,1758868735.229033,43,1758868736.500664,1.27,111.33,99.86,32.63,28.73,21.2,R 0.1,-0.5,5242,-156,L 2.9
4,11,1758868762.054551,1758868766.427534,45,1758868763.03734,68,1758868764.324307,1.29,97.6,84.49,23.43,25.9,19,R 1.7,-1.6,4526,154,R 6.3
4,12,1758868801.889391,1758868806.593759,54,1758868803.349382,82,1758868804.62504,1.28,102.09,83.65,36,22.5,23.2,R 0.2,0,4353,12,R 1.7
4,13,1758868830.447001,1758868834.583817,40,1758868831.207704,61,1758868832.482049,1.27,63.89,45.03,36.2,24.4,6.2,R 9.9,9.3,2557,725,R 15.4
4,14,1758868854.167088,1758868858.236626,36,1758868854.714727,54,1758868855.968333,1.25,89.69,75.03,22.8,24.5,17.7,L 0.7,-0.7,4286,116,R 1.1
4,15,1758868879.621377,1758868883.024752,34,1758868880.022287,51,1758868881.322491,1.3,111.62,92.25,22.6,23.2,19.1,L 0.3,0,4712,-143,L 2.5
4,16,1758868903.742387,1758868908.412953,36,1758868904.279533,55,1758868905.57724,1.3,93.52,83.85,34,25.3,21.1,R 1.6,1.4,4381,118,R 5.2
4,17,1758868928.997173,1758868933.133962,52,1758868930.287302,78,1758868931.599325,1.31,93.18,82.41,36.3,25.5,21.1,R 3.6,-2.4,4319,260,R 17.6
4,18,1758868956.620611,1758868961.724878,52,1758868957.945565,79,1758868959.256166,1.31,87.6,73.78,33.33,24.1,17.8,L 0.8,-0.9,4282,79,R 0.5
4,19,1758868983.343223,1758868987.346594,38,1758868983.953334,58,1758868985.278209,1.32,93.93,81.32,34.6,25.4,19.4,R 2.0,-1.6,4552,100,R 5.5
4,20,1758869005.762336,1758869009.064404,35,1758869006.209982,53,1758869007.530119,1.32,110.02,96.61,33.2,27.9,18.9,R 0.5,0,4665,-26,L 0.5
4,21,1758869030.649632,1758869034.418492,34,1758869031.067408,52,1758869032.383956,1.32,96.73,83.92,24.8,25.8,20.7,R 1.0,1,4320,169,R 5.5
4,22,1758869087.03105,1758869091.368959,44,1758869087.934396,66,1758869089.232929,1.3,106.57,94.23,37.7,27.7,19.7,L 2.3,-2.5,4789,-243,L 10.1
4,23,1758869107.881705,1758869111.418378,36,1758869108.390507,55,1758869109.716971,1.33,94.69,82.2,24.2,25.5,21.5,R 2.4,2.2,4363,148,R 7.3
4,24,1758869128.699846,1758869133.470488,46,1758869129.696872,69,1758869131.001737,1.3,103.44,89.79,26.5,26.7,18.3,L 2.3,-2.3,4674,-125,L 0.3
4,25,1758869151.685592,1758869155.42096,50,1758869152.903804,76,1758869154.220304,1.32,-,-,-,-,-,-,-,-,-,-
4,26,1758869175.338905,1758869179.542259,45,1758869176.310796,68,1758869177.607387,1.3,50.33,28.67,33.9,21,5.3,R 15.3,14.9,2270,682,R 14.5
4,27,1758869202.126964,1758869206.330668,42,1758869202.96876,63,1758869204.261713,1.29,102.03,83.04,26,26.4,17,L 8.4,-8,4296,-443,L 20.3
4,28,1758869227.34708,1758869231.651375,53,1758869228.726454,80,1758869230.015986,1.29,95.76,82.4,35,32.7,19.2,L 4.9,-4.8,4534,-199,L11.0
4,29,1758869251.033699,1758869256.17093,36,1758869251.483252,54,1758869252.835082,1.35,93.56,78.23,34.8,25,16.7,L 4.5,-5,4213,-290,L 10.6
4,30,1758869280.823932,1758869285.561653,44,1758869281.642262,66,1758869283.026309,1.38,107.4,95.4,37.6,27.8,23.5,R 0.1,0.2,4755,161,R 4.5
4,31,1758869313.217362,1758869317.954497,58,1758869314.802167,88,1758869316.153064,1.35,103.54,83.03,35.6,26.5,21.2,R 0.7,0.4,4455,59,R 3.2
4,32,1758869448.66057,1758869452.830616,36,1758869449.142298,55,1758869450.495393,1.35,70.52,64.83,31.9,22,15.9,L 0.1,-0.1,4079,120,R 1.6
4,33,1758869469.411247,1758869474.114012,55,1758869470.848782,83,1758869472.179575,1.33,109.16,98.59,23,23.6,22,R 0.6,0.3,5621,51,R 3.5
4,34,1758869492.396272,1758869496.432129,44,1758869493.255476,65,1758869494.597586,1.34,92.67,79.2,34.6,33.1,17.9,L 2.7,-2.7,4226,-165,L 0.2
4,35,1758869515.915609,1758869520.3842,47,1758869516.962558,71,1758869518.283284,1.32,107.32,96.45,27.6,28.2,22.5,R 0.0,0.5,5413,-125,L 2.7
4,36,1758869535.931364,1758869540.2682,38,1758869536.5184,58,1758869537.866266,1.35,84.63,70.23,32.5,23.6,16.5,L 2.6,-2.4,4148,100,L 2.0
4,37,1758869558.182854,1758869562.351591,42,1758869558.925093,62,1758869560.283941,1.36,89.26,75.53,23.6,24.6,18.4,L 2.6,-2.7,4340,-70,L 5.8
4,38,1758869586.003925,1758869590.775875,53,1758869587.33358,80,1758869588.674018,1.34,109.17,96.01,28,27.9,19.4,L 1.8,-2,4747,-114,L 6.0
4,39,1758869613.860979,1758869617.997838,39,1758869614.491692,59,1758869615.828984,1.34,104.32,91.73,36.7,27.1,20.2,L 0.5,-0.5,4399,97,R 1.9
4,40,1758869641.716197,1758869647.290689,62,1758869643.450343,93,1758869644.819613,1.37,102.02,87.53,35.8,26.4,23,R 1.1,1,4327,112,R 4.9
4,41,1758869668.805423,1758869673.108652,40,1758869669.408098,60,1758869670.806559,1.4,104.44,91.84,34.9,27.13,19.7,L 0.5,-0.3,4742,166,R 3.3
4,42,1758869723.983869,1758869729.321551,53,1758869725.274786,80,1758869726.652698,1.38,107.12,92.63,37.9,27.2,16.9,L 2.5,-2.7,4317,-245,L 0.2
4,43,1758869748.937546,1758869753.741376,44,1758869749.732093,66,1758869751.139278,1.41,102.42,96.51,37.9,28.1,23.8,R 0.6,0.2,4911,-44,L 0.5
4,44,1758869768.419876,1758869772.990258,54,1758869769.738069,82,1758869771.155438,1.42,95.09,82.06,34.9,25.5,19,L 0.6,-0.9,4453,-16,L 2.3
4,45,1758869792.706244,1758869797.109793,47,1758869793.695226,71,1758869795.074821,1.38,103.13,89.69,26.8,32.1,18.3,R 0.0,-0.4,4474,-92,L 2.0
4,46,1758869818.393796,1758869823.600576,44,1758869819.25286,67,1758869820.628958,1.38,92.36,79.15,34.5,25,17.8,L 0.9,1.1,4311,24,L 0.5
4,47,1758869846.449426,1758869852.221167,49,1758869847.511302,74,1758869848.918327,1.41,94.42,84.03,34.3,26,23.9,R 2.1,2.7,4917,123,R 0.3
4,48,1758869871.069674,1758869876.140396,52,1758869872.268698,78,1758869873.671335,1.4,102.82,92.13,36.8,27.5,21,L 2.4,2,4957,-255,L 8.6
4,49,1758869895.222963,1758869900.026052,43,1758869895.97578,65,1758869897.391043,1.42,93.03,85.19,23.9,26,18.1,L 2.4,-2.7,4391,-178,L 6.7
4,50,1758869920.109593,1758869925.484263,40,1758869920.68316,61,1758869922.144544,1.46,99.97,82.41,35.7,26.6,21.5,R 1.7,1.5,4574,115,R 6.0
4,51,1758869942.428226,1758869946.564959,46,1758869943.339929,70,1758869944.762938,1.42,94.03,81.51,34.4,25.3,23.2,R 1.0,0.8,4252,126,R 4.1
4,52,1758869965.079448,1758869969.516376,46,1758869965.946681,69,1758869967.381279,1.43,100.22,87.49,35.5,26.3,20,R 4.3,3.9,4370,251,R 13.3
4,53,1758869987.864558,1758869993.002039,51,1758869989.003569,77,1758869990.433317,1.43,99.28,84.24,36,31.1,17.1,L 2.2,-2.5,4283,-233,L 0.7
4,54,1758870010.783077,1758870015.318826,62,1758870012.460577,94,1758870013.918056,1.46,73.58,53.6,23.6,26.1,15.6,L 7.5,-7.5,4021,-217,L 11.1
5,1,1758262057.657,1758262061.757,-,-,72,1758262060.057,-,56.18,45.33,23.2,18.7,21.3,L 0.6,-0.6,3865,112,R 0.5
5,2,1758262076.157,1758262080.923667,-,-,72,1758262078.557,-,55.16,44.61,24.9,18.1,21.8,L 1.3,-1.8,2372,-41,L 1.9
5,3,1758262126.457,1758262130.590333,-,-,80,1758262129.123667,-,49.31,39.53,21.9,16.8,25.3,R 17.6,17,2360,44.9,R 19.9
5,4,1758262140.757,1758262144.923667,-,-,68,1758262143.023667,-,66.93,55.95,27.6,22.4,23.1,R 0.3,-0.2,4023,-44,L 0.3
5,5,1758262157.357,1758262161.090333,-,-,70,1758262159.690333,-,65.47,55.16,27.1,20.7,23.4,R 1.3,-0.7,4024,9,R 1.7
5,6,1758262172.257,1758262176.423667,-,-,72,1758262174.657,-,43.96,51,27.1,20.3,21.9,L 1.4,-1.8,3954,-12,L 2.3
5,7,1758262188.157,1758262191.957,-,-,72,1758262190.557,-,59.45,49.49,25,19.5,23.6,R 3.2,-2.3,3959,-4.5,R 3.1
5,8,1758262202.457,1758262205.990333,-,-,69,1758262204.757,-,46.06,54.9,27.7,20.4,21.5,R 3.0,2.1,3957,-56,R 3.0
5,9,1758262217.157,1758262221.557,-,-,71,1758262219.523667,-,64.61,53.26,27.3,22.4,21.5,L 0.2,-1.6,3944,-50,L 1.0
5,10,1758262247.390333,1758262251.323667,45,1758262248.634537,69,1758262249.690333,1.06,45.7,56.09,27,20,25,R 1.5,0.9,4158,-9,R 1.9
5,11,1758262262.357,1758262266.390333,48,1758262263.702279,73,1758262264.790333,1.09,45.49,54.03,27.4,24.5,21.5,R 2.6,1.9,3949,1,R 1.6
5,12,1758262278.457,1758262282.557,47,1758262279.771201,72,1758262280.857,1.09,53.93,43.83,24.7,18.3,21,L 2.1,-1.2,1040,-43,L 2.7
5,13,1758262292.557,1758262296.323667,46,1758262293.887824,70,1758262294.890333,1,49.59,23.56,23.4,16.9,20.4,R 1.7,0.5,3383,-43,R 1.1
5,14,1758262306.857,1758262310.557,47,1758262308.204683,71,1758262309.223667,1.02,50.11,44.12,26.4,19.2,18.1,L 1.2,-1,4184,163,R 0.2
5,15,1758262320.857,1758262324.490333,48,1758262322.271247,73,1758262323.290333,1.02,49.23,23.77,24.1,17.4,19,L 2.9,-1.9,4113,-43,L 1.2
5,16,1758262334.857,1758262339.157,47,1758262336.187634,71,1758262337.223667,1.04,40.76,50.14,26.3,19.7,22.2,R 1.6,0.7,3737,-44,R 1.2
5,17,1758262381.157,1758262383.857,22,1758262381.240686,34,1758262382.290333,1.05,59.54,47.44,25.7,19.7,21.9,L 0.7,-1.8,2903,-41,L 1.4
5,18,1758262427.857,1758262431.957,47,1758262429.197156,71,1758262430.223667,1.03,41.93,50.43,26.7,18.5,21.2,L 2.8,-1,3911,-97,L 4.1
5,19,1758262442.390333,1758262447.323667,51,1758262443.964545,77,1758262444.957,0.99,66.43,54.49,27.3,25.1,23.1,L 0.6,-1.4,4117,-40,L 1.6
5,20,1758262458.057,1758262462.890333,47,1758262459.182465,72,1758262460.457,1.27,51.87,41.2,23,17.4,23.4,R 14.8,13.5,2857,425,R 17.2
5,21,1758262560.657,1758262564.423667,51,1758262562.303895,78,1758262563.257,0.95,54.74,46.94,24.9,19.5,24.1,L 0.9,-0.9,3940,103,R 0.1
5,22,1758262575.357,1758262579.157,47,1758262576.570695,72,1758262577.757,1.19,55.26,44.96,25.2,18.5,21.1,L 1.3,-1.9,2362,-44,L 1.9
5,23,1758262589.257,1758262593.123667,47,1758262590.5872,72,1758262591.657,1.07,66.32,54.93,27.5,20.6,22,R 0.0,-0.2,3973,43,R 0.9
5,24,1758262604.057,1758262607.223667,45,1758262604.703823,69,1758262606.357,1.65,49.76,54.44,27,25.4,25.1,L 1.8,-2.4,4152,-77,L 1.6
5,25,1758262950.288,1758262953.621333,47,1758262951.662382,72,1758262952.688,1.03,53.07,44.56,24.1,22,19.7,L 4.0,-4.5,4227,-133,L 5.2
5,26,1758262964.388,1758262968.388,49,1758262965.829063,74,1758262966.854667,1.03,44.33,52.87,27.2,20.2,21.5,L 1.1,-1.7,3941,-100,L 4.0
5,27,1758262978.688,1758262982.754667,46,1758262979.995745,70,1758262981.021333,1.03,59.53,44.59,24.5,19.4,19.5,L 0.8,-1,4224,13,L 0.2
5,28,1758262992.788,1758262996.788,47,1758262994.112368,72,1758262995.188,1.08,42.32,50.92,26.7,19.5,21.2,L 1.7,-1.9,3915,-4,L 2.1
5,29,1758263007.188,1758263011.188,47,1758263008.579404,72,1758263009.588,1.01,64.59,53,27.5,24.33,22.6,L 1.2,-4,3922,-114,L 4.9
5,30,1758263021.888,1758263026.288,48,1758263023.296734,73,1758263024.321333,1.02,64.53,57.21,28.1,29.3,22.4,R 0.6,-0.2,4006,-47,L 0.1
5,31,1758263036.288,1758263040.088,47,1758263037.613593,72,1758263038.688,1.07,62.24,51.43,26.4,19.5,23.2,L 1.7,-1.6,3975,-43,L 5.2
5,32,1758263051.188,1758263054.921333,47,1758263052.581218,72,1758263053.588,1.01,50.54,47.54,25.8,23.1,21.3,L 2.2,-3.9,2395,-106,L 4.5
5,33,1758263065.188,1758263068.621333,47,1758263066.597723,72,1758263067.588,0.99,55.23,45.27,22.5,17.8,23.1,R 26.6,23.2,3960,137,R 26.5
5,34,1758263079.688,1758263083.321333,47,1758263081.0147,71,1758263082.054667,1.04,59.15,47.43,25.2,22.7,22.4,R 12.2,11.5,2701,270,R 15.6
5,35,1758263094.088,1758263097.588,46,1758263095.381617,70,1758263096.421333,1.04,46.64,26.07,22.2,19.6,19.7,R 22.7,23.6,4152,461,R 22.0
5,36,1758263107.988,1758263111.721333,47,1758263109.348063,72,1758263110.388,1.04,64.12,53.73,23.1,20.6,19.4,L 2.9,-3.2,4260,-90,L 4.4
5,37,1758263122.288,1758263126.254667,47,1758263123.614863,72,1758263124.688,1.07,64.81,52.99,27.4,20.4,20.3,L 1.9,-4.1,3910,-143,L 5.7
5,38,1758263136.788,1758263140.554667,48,1758263138.131958,73,1758263139.221333,1.09,58.53,47.92,25.9,22,21.5,L 3.1,-1.6,3090,-116,L 4.4
5,39,1758263150.888,1758263154.388,47,1758263152.24858,72,1758263153.288,1.04,42.43,25.56,26.9,18.1,7.4,R 15.9,14.9,2605,532,R 12.6
6,1,1758520930.126,1758520933.326,43,1758520931.228125,65,1758520932.292667,1.06,83.04,74.48,31.4,24.9,29.8,R 1.1,0.9,5493,116,R 4.5
6,2,1758520943.459333,1758520946.659333,42,1758520944.544588,64,1758520945.592667,1.05,84.91,75.84,31.9,24,28.3,L 3.2,-3.4,5320,-101,L 7.4
6,3,1758520958.426,1758520961.759333,43,1758520959.613215,66,1758520960.626,1.01,77.3,65.53,33.3,27.2,21.6,L 6.3,-6.3,4096,-201,L 10.7
6,4,1758520973.859333,1758520977.092667,43,1758520974.982215,65,1758520976.026,1.04,70.83,60.31,28.4,21.5,23.8,R 4.4,3.7,4112,103,R 7.4
6,5,1758520988.026,1758520991.226,42,1758520989.149729,64,1758520990.159333,1.01,76.49,66.56,29.3,22,26.2,L 2.4,-2.4,6324,21,L 2.8
6,6,1758521003.326,1758521006.526,43,1758521004.468667,65,1758521005.492667,1.02,85.32,76.2,31.9,25.2,29.2,R 1.8,1.7,5326,104,R 7.1
6,7,1758521018.726,1758521021.892667,42,1758521019.837667,64,1758521020.859333,1.02,83.73,73.91,31.5,24.3,26.1,L 0.7,-0.9,4659,46,R 0.3
6,8,1758521033.726,1758521036.892667,42,1758521034.806171,64,1758521035.859333,1.05,75.6,63.95,29.5,26.7,23.1,L 1.7,-1.9,4120,-7,L 2.6
6,9,1758521048.226,1758521051.459333,43,1758521049.37418,65,1758521050.392667,1.02,73.02,70.02,30.2,23.9,29.7,R 3.2,3,5077,173,R 8.4
6,10,1758521063.926,1758521067.026,43,1758521065.093613,66,1758521066.126,1.03,57.47,44.61,26.5,19.3,16.5,L 9.5,-9.9,3989,-152,L 10.4
6,11,1758521079.526,1758521082.759333,43,1758521080.712922,66,1758521081.726,1.01,84.77,73.92,31.7,29,24.2,L 3.0,-2.9,4350,-1,L 5.1
6,12,1758521094.592667,1758521097.792667,43,1758521095.78155,66,1758521096.792667,1.01,80.22,70.5,33.6,23,26.7,R 0.6,0.4,6524,110,R 3.1
6,13,1758521110.526,1758521113.692667,45,1758521111.751292,68,1758521112.792667,1.04,54.94,40.01,28.7,19.6,10.6,R 1.5,1.5,3292,177,R 2.5
6,14,1758521140.926,1758521144.026,42,1758521141.988672,64,1758521143.059333,1.07,85.18,75.83,31,25,23.6,R 1.1,0.8,5373,105,R 4.4
6,15,1758521157.026,1758521160.159333,43,1758521158.158662,65,1758521159.192667,1.03,80.34,69.21,30.8,23.2,23.7,L 2.0,-2.3,4259,-114,L 4.6
6,16,1758521194.026,1758521197.159333,43,1758521195.204458,65,1758521196.192667,0.99,74.82,64.87,29.1,21,26.5,R 3.6,3.2,4309,148,R 7.5
6,17,1758521221.126,1758521224.292667,43,1758521222.28794,65,1758521223.292667,1,71.59,61.93,23.4,22,26.2,L 0.5,-0.7,4247,53,R 0.5
6,18,1758521235.426,1758521238.592667,41,1758521236.505516,63,1758521237.526,1.02,73.12,69.55,33.1,28.8,33.3,R 0.6,0.5,5200,132,R 3.4
6,19,1758521250.626,1758521253.926,43,1758521251.774392,66,1758521252.826,1.05,73.53,63.09,28,26.6,25.7,L 5.4,-5.2,4240,-145,L 9.3
6,20,1758521264.726,1758521267.892667,43,1758521265.841782,66,1758521266.926,1.08,73.57,64.55,28,27.1,23.6,R 1.1,1.1,4419,125,R 3.8
6,21,1758521280.526,1758521283.759333,43,1758521281.661338,65,1758521282.692667,1.03,75.24,66.65,29.4,26.2,23.7,R 1.4,1.1,6609,118,R 4.2
6,22,1758521295.226,1758521298.426,43,1758521296.379533,66,1758521297.426,1.05,76.02,65.58,29.5,21.2,25,L 0.5,-0.6,4247,76,R 0.9
6,23,1758521309.826,1758521312.959333,43,1758521311.047666,66,1758521312.026,0.98,64.74,55.44,24.9,19.9,31.5,R 21.0,23.2,4207,458,R 33.7
6,24,1758521323.926,1758521327.126,42,1758521325.014933,64,1758521326.059333,1.04,70.41,62.67,28.2,22.1,32.3,R 2.3,2.2,5159,172,R 6.3
6,25,1758521338.826,1758521341.992667,43,1758521339.933376,66,1758521341.026,1.09,50.5,28.46,31,21.1,5.8,R 4.9,5.1,2427,521,R 6.5
6,26,1758521481.226,1758521484.526,44,1758521482.409508,67,1758521483.459333,1.05,74.01,65.92,29.2,23.2,29.8,R 2.2,2,4790,153,R 5.9
6,27,1758521496.026,1758521499.359333,43,1758521497.127703,65,1758521498.192667,1.06,85.01,76.24,31.9,25.1,23.8,L 2.5,-2.5,5439,50,L 2.9
6,28,1758521511.026,1758521514.326,42,1758521512.146269,64,1758521513.159333,1.01,72.65,62,28.6,21.9,25.1,L 0.1,-0.1,4197,127,R 1.9
6,29,1758521525.826,1758521529.059333,42,1758521526.964588,64,1758521527.959333,0.99,74.78,63.36,29.4,26.6,22.9,L 1.0,-1.9,4117,40,L 1.7
6,30,1758521540.159333,1758521543.426,42,1758521541.282288,64,1758521542.292667,1.01,70.65,62.64,27.5,23.1,33.9,R 11.0,10.9,5334,404,R 23.0
6,31,1758521554.092667,1758521557.226,42,1758521555.199492,64,1758521556.226,1.03,23.67,12.07,21.4,17.4,7,L 6.2,-6.8,2000,-134,L 2.8
6,32,1758521566.526,1758521569.859333,43,1758521567.664902,65,1758521568.692667,1.03,79.56,71.29,30.6,24.5,31,R 0.6,0.5,5573,125,R 3.5
6,33,1758521580.926,1758521584.059333,43,1758521582.082726,65,1758521583.092667,1.01,69.39,55.2,33.7,25,13.6,L 4.0,-3.5,3927,119,L 3.4
6,34,1758521594.726,1758521597.926,43,1758521595.849745,65,1758521596.892667,1.04,77.29,66.15,33.1,20.1,23.1,L 2.2,-2.4,4175,-58,L 4.4
6,35,1758521608.926,1758521612.126,43,1758521610.067321,65,1758521611.092667,1.03,77.49,65.68,23.3,25.4,21.6,L 5.6,-5.5,4092,-145,L 9.5
6,36,1758521622.992667,1758521626.192667,43,1758521624.184773,66,1758521625.192667,1.01,73.1,64.6,20.8,27.3,29.5,R 3.1,2.7,4605,132,R 6.9
6,37,1758521647.326,1758521650.559333,43,1758521648.464789,65,1758521649.492667,1.03,79.12,67.93,30.5,19.7,23.7,L 1.0,-2.1,4201,-42,L 3.9
6,38,1758521662.826,1758521666.026,42,1758521663.933912,64,1758521664.959333,1.03,75.6,66.12,29.5,22.7,26.2,R 0.0,0,4317,107,R 1.9
6,39,1758521696.459333,1758521699.626,41,1758521697.525439,62,1758521698.526,1,83.52,74.31,31.4,24.7,20.9,R 0.7,0.4,5304,109,R 3.6
6,40,1758521711.326,1758521714.626,43,1758521712.493943,66,1758521713.526,1.03,70.77,70.62,30.4,24.7,33,R 3.1,2.8,6039,176,R 8.9
6,41,1758521726.026,1758521729.259333,44,1758521727.2622,67,1758521728.259333,1,60.11,46.73,26.3,19.4,17.2,R 23.9,22,4020,457,R 26.2
6,42,1758521765.559333,1758521768.726,43,1758521766.761029,66,1758521767.759333,1,44.25,27.3,23.2,23,7.2,L 6.2,-5.6,2630,91,L 6.2
6,43,1758521779.659333,1758521783.626,55,1758521781.3791,83,1758521782.426,1.05,70.51,62.71,28.2,23.3,34.9,R 3.3,3,5893,183,R 8.4
6,44,1758521795.459333,1758521798.626,47,1758521796.397667,72,1758521797.859333,1.46,70.02,61.5,27.8,22.1,29.9,R 5.3,4.8,6406,175,R 10.2
6,45,1758521824.926,1758521827.892667,39,1758521825.884119,60,1758521826.926,1.04,65.92,52.71,26.8,19.9,23.2,R 19.2,18.5,3322,491,R 23.9
6,46,1758521838.826,1758521842.459333,30,1758521839.350766,46,1758521840.359333,1.01,80.12,71.8,23.7,29.3,29.9,L 4.6,-4.2,5239,99,L 5.4
6,47,1758521852.926,1758521854.859333,17,1758521852.767352,26,1758521853.792667,1.03,63.65,56.37,26.1,21.4,34.2,R 13.2,9.1,5006,186,R 16.4
6,48,1758521863.959333,1758521866.559333,31,1758521864.531896,48,1758521865.559333,1.03,76.18,67.6,29.6,23.7,23.7,R 0.2,0.3,5163,143,R 3.0
6,49,1758521878.226,1758521881.126,39,1758521879.149967,59,1758521880.192667,1.04,51.78,40.65,22.2,17.7,23.9,R 23.7,22.7,3041,452,R 23.9
6,50,1758521891.159333,1758521894.492667,45,1758521892.316243,68,1758521893.426,1.11,63.09,50.2,29.1,20.1,16.6,L 4.3,-3.8,4022,106,L 3.6
6,51,1758521904.759333,1758521907.992667,44,1758521905.933077,67,1758521906.992667,1.06,55.07,29.37,31.3,25.5,7,L 1.5,-2.9,2912,-115,L 2.0
6,52,1758521918.726,1758521921.859333,41,1758521919.80022,63,1758521920.826,1.03,75.56,65.94,29.5,19.4,25.6,R 0.0,0,4283,133,R 2.1
6,53,1758521933.926,1758521937.159333,43,1758521935.119157,66,1758521936.126,1.01,80.75,72.51,33.9,24.6,23.1,L 1.1,-1.1,5422,109,R 0.5
6,54,1758521949.359333,1758521952.359333,43,1758521950.488157,65,1758521951.526,1.04,43.57,23.69,23,23.5,5.8,R 9.3,9.2,2270,520,R 8.4
7,1,1758530456.378,1758530459.544667,50,1758530457.830869,76,1758530458.911333,1.08,45.43,33.27,22.9,19.4,15.6,R 21.2,20.5,3726,444,R 17.8
7,2,1758530885.847,1758530889.513667,60,1758530887.79703,91,1758530888.880333,1.08,-,-,-,-,-,-,-,-,-,-
7,3,1758530900.547,1758530904.013667,56,1758530902.299262,85,1758530903.380333,1.08,11.02,9.23,9.9,10.1,38.2,L 1.3,-1.4,3074,103,L 0.2
7,4,1758530961.447,1758530964.847,55,1758530963.158627,84,1758530964.247,1.09,51.22,34.49,27.1,22.1,9.8,R 23.9,23.2,3044,487,R 21.0
7,5,1758530985.447,1758530989.147,60,1758530987.362351,91,1758530988.480333,1.12,23.93,19.76,12,12.4,41.7,R 35.4,33.7,3316,297,R 15.5
7,6,1758531000.247,1758531004.013667,58,1758531002.114621,88,1758531003.180333,1.07,8.57,7.09,8.3,8.1,42.2,R 15.3,13.7,3537,203,R 2.1
7,7,1758531012.847,1758531017.480333,79,1758531015.766721,120,1758531016.847,1.08,28.61,21.84,15.3,14.3,27.5,R 20.6,29.2,3647,263,R 14.7
7,8,1758531044.947,1758531048.913667,60,1758531046.621469,91,1758531047.980333,1.36,44.8,20.65,25.2,17.1,10.5,R 21.2,20.2,3833,503,R 16.9
7,9,1758531100.047,1758531103.513667,55,1758531101.729949,83,1758531102.813667,1.08,77.29,61.03,29.4,21.2,17.6,R 27.1,25.8,4143,543,R 23.1
7,10,1758531287.447,1758531290.913667,55,1758531289.17796,84,1758531290.247,1.07,1.85,1.22,5.4,6.5,53.9,R 21.2,19.4,1644,183,R 2.1
7,11,1758531314.347,1758531317.513667,50,1758531315.827776,76,1758531316.880333,1.05,32.46,24.45,17.9,16.1,22.4,R 16.3,15,3662,392,R 10.9
7,12,1758531343.147,1758531346.480333,53,1758531344.731807,80,1758531345.813667,1.08,26.68,20.51,16.2,12.7,23.9,R 10.8,10.6,3610,377,R 6.4
7,13,1758531356.747,1758531360.513667,60,1758531358.758025,91,1758531359.780333,1.02,41.48,31,19.6,17.6,21.5,R 22.6,30.2,3681,427,R 21.7
7,14,1758531370.947,1758531374.447,57,1758531372.734151,86,1758531373.813667,1.08,-,-,-,-,-,-,-,-,-,-
7,15,1758531380.347,1758531383.913667,56,1758531382.151755,85,1758531383.180333,1.03,14.53,11.83,11.1,9.2,26.8,R 11.6,13.6,3619,245,R 4.0
7,16,1758531405.347,1758531408.680333,53,1758531406.9982,81,1758531408.047,1.05,14.37,10.39,12,10.7,22.8,R 19.9,19.1,3012,283,R 5.2
7,17,1758531418.147,1758531421.480333,53,1758531419.772078,80,1758531420.813667,1.04,10.29,8.07,8.9,8.8,34.9,R 22.3,19.7,3324,166,R 4.5
7,18,1758531431.547,1758531434.813667,52,1758531433.096986,79,1758531434.180333,1.08,56.99,34.16,31.8,25.9,6.6,R 10.2,13.9,2645,-253,R 15.4
7,19,1758531447.047,1758531450.513667,56,1758531448.826389,85,1758531449.880333,1.05,41.49,32.87,20.1,18.6,24.8,R 17.0,15.2,3783,376,R 14.9
7,20,1758531500.013667,1758531503.380333,53,1758531501.625084,80,1758531502.680333,1.06,63.05,34.8,32.5,26.5,5.9,R 25.9,24.8,2576,603,R 27.1
7,21,1758531532.947,1758531536.447,55,1758531534.686886,84,1758531535.747,1.06,17.24,9.43,19.7,13.3,4.6,R 2.1,1.5,859,64,R 0.7
7,22,1758531683.047,1758531686.780333,61,1758531685.05819,92,1758531686.113667,1.06,44.53,48.32,29.4,24.4,12.1,R 20.4,19.5,3620,521,R 26.5
7,23,1758531699.347,1758531702.880333,57,1758531701.204342,87,1758531702.247,1.04,25.52,16.1,19.4,16,10.9,R 6.0,9.2,2687,131,R 2.9
7,24,1758531712.547,1758531716.513667,64,1758531714.692898,97,1758531715.780333,1.09,4.9,4.03,6.4,6.5,27.4,R 12.5,9.7,2700,76,R 1.2
7,25,1758531740.047,1758531743.980333,63,1758531742.221587,96,1758531743.247,1.03,-,-,-,-,-,-,-,-,-,-
7,26,1758531769.847,1758531773.447,47,1758531771.154289,71,1758531772.213667,1.06,-,-,-,-,-,-,-,-,-,-
7,27,1758531785.813667,1758531788.980333,46,1758531787.150011,70,1758531788.147,1,56.39,27.55,32.93,22.3,4.1,R 35.2,34,1765,610,R 29.6
7,28,1758531802.713667,1758531807.647,64,1758531805.703044,96,1758531805.947,0.24,-,-,-,-,-,-,-,-,-,-
7,29,1758531837.847,1758531841.380333,55,1758531839.599936,83,1758531840.613667,1.01,-,-,-,-,-,-,-,-,-,-
7,30,1758532114.447,1758532119.080333,62,1758532116.109105,94,1758532117.580333,1.47,-,-,-,-,-,-,-,-,-,-
7,31,1758532140.847,1758532144.247,54,1758532142.473151,82,1758532143.580333,1.11,-,-,-,-,-,-,-,-,-,-
7,32,1758532153.613667,1758532157.247,59,1758532155.530108,90,1758532156.613667,1.08,-,-,-,-,-,-,-,-,-,-
7,33,1758532167.847,1758532171.580333,61,1758532169.837731,93,1758532170.947,1.11,-,-,-,-,-,-,-,-,-,-
7,34,1758532181.380333,1758532185.080333,60,1758532183.344927,91,1758532184.413667,1.07,-,-,-,-,-,-,-,-,-,-
7,35,1758532195.947,1758532199.580333,55,1758532197.702576,84,1758532198.747,1.04,-,-,-,-,-,-,-,-,-,-
7,36,1758532210.047,1758532213.880333,60,1758532212.010199,91,1758532213.080333,1.07,4.65,3.04,6.1,6.2,39.4,R 16.8,15.9,2796,230,R 1.7
7,37,1758532222.447,1758532225.880333,54,1758532224.116649,82,1758532225.180333,1.06,-,-,-,-,-,-,-,-,-,-
7,38,1758532230.547,1758532234.180333,55,1758532232.270994,84,1758532233.347,1.08,-,-,-,-,-,-,-,-,-,-
7,39,1758532243.847,1758532247.947,67,1758532246.178403,101,1758532247.213667,1.04,32.29,32.29,27.7,19,0.6,R 22.1,21.1,2893,496,R 19.4
7,40,1758532377.047,1758532378.980333,-,-,37,1758532378.280333,-,26.65,27.47,19.4,17.3,21.3,R 14.3,13.2,3466,421,R 11.2
7,41,1758532415.647,1758532419.313667,-,-,87,1758532418.547,-,22.96,19.02,13.2,10,25.1,R 30.0,20.3,3706,299,R 12.2
7,42,1758532443.913667,1758532447.713667,-,-,92,1758532446.980333,-,11.66,9.62,10.1,8.7,33.5,R 2.9,2.8,3585,151,R 1.0
7,43,1758532462.580333,1758532466.047,-,-,83,1758532465.347,-,-,-,-,-,-,-,-,-,-,-
7,44,1758532471.947,1758532475.447,-,-,82,1758532474.680333,-,77.71,67.64,29.4,27.5,27.3,R 7.4,7.2,4379,126,R 19.4
7,45,1758532539.047,1758532543.780333,-,-,105,1758532542.547,-,77.41,48.75,28.7,24.1,35.3,R 17.3,16.5,6130,359,R 33.9
7,46,1758532554.780333,1758532561.013667,-,-,96,1758532557.980333,-,75.11,53.51,35.2,23.9,7.8,R 9.0,8.7,3149,695,R 16.2
7,47,1758532572.247,1758532577.280333,-,-,104,1758532575.713667,-,74.85,63.79,27.1,25.6,28.9,R 24.3,22.9,4299,462,R 37.9
8,1,1758876203.940381,1758876207.042577,46,1758876203.906801,69,1758876206.242002,2.34,92.33,79.93,33.5,30.1,22.1,R 1.7,2,4340,374,R 10.5
8,2,1758876221.620639,1758876224.522158,45,1758876221.566012,69,1758876223.921042,2.36,103.77,91.44,26.5,27.4,21.5,L 2.1,-1.6,4775,212,R 1.5
8,3,1758876245.770372,1758876248.672221,45,1758876245.678588,68,1758876248.038471,2.36,112.58,103.7,39.1,29,24.6,R 0.2,0.8,6331,254,R 12.0
8,4,1758876320.490907,1758876323.559711,47,1758876320.517621,71,1758876322.859229,2.34,100.7,90.32,37.8,29.8,25.1,L  3.0,-2.4,6100,222,0.0
8,5,1758876344.941723,1758876347.910572,46,1758876344.880328,69,1758876347.243414,2.36,11.29,93.8,40.7,27.9,11.2,R 16.8,16.7,3999,965,R 40.4
8,6,1758876366.557375,1758876369.45943,44,1758876366.491599,67,1758876368.792298,2.3,97.03,82.79,37.2,25.9,12.7,R 23.6,23.2,4015,837,R 42.5
8,7,1758876390.074181,1758876393.009651,46,1758876390.003862,68,1758876392.375845,2.37,112.64,97.41,18.6,27.8,16.9,R 2.8,2.9,4336,570,R 19.1
8,8,1758876417.894102,1758876420.696097,44,1758876417.768343,67,1758876420.129014,2.36,113.58,98.07,39.3,27.4,15.3,L 1.0,-0.5,4206,372,R 7.7
8,9,1758876439.209429,1758876442.078224,46,1758876439.17951,69,1758876441.511122,2.33,112.71,102.69,28.9,29.1,22,L 0.5,-7.7,5607,-85,L 20.5
8,10,1758876465.226863,1758876467.996823,44,1758876465.093026,66,1758876467.429712,2.34,117.59,126.92,40,29.9,21.8,L 4.8,-4.2,5836,93,L 8.1
8,11,1758876488.144655,1758876491.046816,46,1758876488.155054,70,1758876490.479717,2.32,90.52,71.5,39,31.7,8.6,R 29.3,20.7,3330,832,R 44.4
8,12,1758876517.565771,1758876520.434511,44,1758876517.420318,67,1758876519.800723,2.38,122.03,111.01,41,33.3,25.7,L 1.0,-0.9,4287,144,R 1.0
8,13,1758876540.117004,1758876542.986882,45,1758876539.982085,68,1758876542.386687,2.4,87.9,71.85,37.7,25.4,9.2,R 31.6,30,1652,863,R 45.5
8,14,1758876562.598545,1758876565.533091,45,1758876562.543853,68,1758876564.899507,2.36,84.64,58.27,39.3,26.7,5.2,R 16.0,16.1,2700,934,R 27.4
8,15,1758876585.6148,1758876588.516848,45,1758876585.505829,68,1758876587.883075,2.38,77.21,59.45,31.1,21.7,13.4,R 30.9,20.5,3927,600,R 19.8
8,16,1758876608.93179,1758876611.699441,43,1758876608.717935,65,1758876611.099233,2.38,55.09,33.14,29.7,20.2,7.2,R 31.4,30.6,2707,506,R 26.9
8,17,1758876626.144607,1758876629.046347,45,1758876626.026963,68,1758876628.412624,2.39,125.06,113.06,41.4,30.9,20.3,L 11.4,-10.5,5379,100,L 31.7
8,18,1758876644.85883,1758876647.793632,47,1758876644.886799,72,1758876647.260005,2.37,109.26,94.81,37.3,28.2,19.2,L 13.5,-12.9,4674,-415,L 30.5
8,19,1758876668.674279,1758876671.509836,44,1758876668.549141,67,1758876670.909088,2.36,132.25,119.83,42.4,31.3,20,L 15.9,-15.3,5459,-420,L 42.9
8,20,1758876691.590847,1758876695.392261,63,1758876692.411586,96,1758876694.792062,2.38,120.95,101.73,43.1,25.2,10.2,L 0.9,-1.2,3900,-73,L 1.0
8,21,1758876713.608427,1758876716.309492,41,1758876713.322493,63,1758876715.709241,2.39,104.37,78.41,43.1,29.3,4.5,L 9.9,-9.2,2232,-497,L 21.1
8,22,1758876741.526955,1758876744.32887,46,1758876741.437156,68,1758876743.828394,2.39,87.95,75.19,33.2,24.3,19.2,L 7.4,-6.8,4426,-104,L 13.3
8,23,1758876765.644621,1758876768.513156,44,1758876765.44968,66,1758876767.846066,2.4,66.4,40.23,22.1,22,9.4,R 4.7,4.7,3306,509,R 9.4
8,24,1758876788.861029,1758876791.663068,44,1758876788.661787,65,1758876791.062635,2.4,81.95,55.46,39.1,31.9,6,R 12.9,8.7,2920,-495,R 12.7
8,25,1758876847.503999,1758876850.304895,44,1758876847.392418,66,1758876849.738067,2.35,97.14,84.93,38,26.2,12.2,R 26.7,26.6,4000,894,R 46.6
8,26,1758876873.523364,1758876876.324775,44,1758876873.405986,67,1758876875.757739,2.35,111.05,95.34,39.2,27.6,14.3,L 2.9,-2.3,4134,347,R 1.3
8,27,1758876897.238926,1758876900.076839,43,1758876897.018301,65,1758876899.409919,2.39,105.39,80.21,42.5,32.4,7.1,L 9.7,-9.1,3345,-656,L 22.5
8,28,1758876918.454122,1758876921.32221,45,1758876918.329417,68,1758876920.721928,2.39,123.96,109.59,41.2,29.7,17.1,L 1.6,-1.1,4444,296,R 9.1
8,29,1758876940.269799,1758876942.971723,42,1758876939.990714,63,1758876942.371298,2.38,129.56,114.35,42.4,30.3,15.6,L 0.9,-0.5,4290,301,R 8.0
8,30,1758876963.686718,1758876966.623924,46,1758876963.653055,70,1758876966.023795,2.37,52.51,37.72,27.3,22.5,11.7,L 0.7,-2.3,3384,-43,L 1.0
8,31,1758876989.337832,1758876992.140805,43,1758876989.166362,65,1758876991.507159,2.34,134.23,123.8,44.1,34,25,L 5.9,-5.2,7224,100,L 9.8
8,32,1758877016.124403,1758877018.992551,43,1758877015.980347,66,1758877018.325494,2.35,132.52,111.73,49.4,35.7,9.5,R 3.0,3,3961,762,R 24.0
8,33,1758877073.300087,1758877076.134884,45,1758877073.210196,68,1758877075.567938,2.36,116.99,106.26,39,29.6,22.2,L 7.0,-6.1,5920,159,L 9.6
8,34,1758877100.183461,1758877102.953445,44,1758877100.024181,66,1758877102.386397,2.36,109.12,96.04,27.7,22.5,19.8,L 11.4,-11,4069,-434,L 27.7
8,35,1758877123.6017,1758877126.437055,45,1758877123.486418,68,1758877125.86996,2.38,124.69,114.09,41.9,31.4,22.1,L 4.6,-4,4231,129,L 5.6
8,36,1758877149.02093,1758877151.955953,46,1758877148.999725,70,1758877151.355601,2.36,91.4,65.12,40.2,27.3,6.5,L 12.0,-11.5,3109,-540,L 21.2
8,37,1758877169.935769,1758877172.870638,45,1758877169.860606,68,1758877172.203648,2.34,84.7,69.12,31.7,27.4,17,R 25.2,24.1,4160,627,R 60.0
8,38,1758877192.150337,1758877194.91836,43,1758877191.922112,64,1758877194.318076,2.4,124.56,112.48,41,31.5,21.5,L 6.0,-5.2,6000,106,L 9.2
8,39,1758877220.171434,1758877222.939695,44,1758877220.036775,66,1758877222.372681,2.34,84.53,63.49,23.6,28.6,7.3,R 32.4,31.9,3207,893,R 43.9
8,40,1758877249.291874,1758877252.027219,44,1758877249.101935,66,1758877251.49349,2.39,96.29,82.79,43,25,19.7,R 24.1,23.9,4567,617,R 46.1
8,41,1758877270.90835,1758877273.776234,45,1758877270.813258,68,1758877273.175981,2.36,119.09,107.35,40.3,33,23.7,L 6.9,-6.7,5485,-253,L 21.1
8,42,1758877292.156045,1758877295.127321,47,1758877292.124373,70,1758877294.527035,2.4,140.2,136.02,46.3,34,21.4,L 12.2,-11.6,6507,-407,L 41.2
8,43,1758877314.33876,1758877317.074078,43,1758877314.135854,65,1758877316.507025,2.37,137.35,126.79,44.6,33.3,21.7,L 9.0,-8,6507,21,L 21.3
8,44,1758877341.659126,1758877344.459982,43,1758877341.4501,66,1758877343.859769,2.41,119.67,109.26,40.2,37.3,25.9,L 1.1,-0.4,4005,377,R 11.1
8,45,1758877379.685545,1758877382.454355,44,1758877379.519955,66,1758877381.887273,2.37,97.45,85.01,35.4,26,19.7,L 5.6,-4.7,4641,307,L 2.8
8,46,1758877407.738423,1758877410.773995,49,1758877407.834723,74,1758877410.206341,2.37,141.61,127.97,45.2,39.2,17.5,L 5.3,-5.7,4686,-148,L 16.9
8,47,1758877433.024039,1758877435.826052,44,1758877432.847769,67,1758877435.258989,2.41,131.99,112.24,47.5,32.3,7.7,R 12.2,11.9,3704,1207,R 41.7
8,48,1758877457.141404,1758877459.809994,43,1758877456.910319,65,1758877459.30963,2.4,129.37,119.42,43.1,33.4,26.9,L 2.8,-2,7470,275,R 5.1
8,49,1758877492.268886,1758877495.003298,43,1758877492.078662,66,1758877494.46978,2.39,161.82,131.67,47.5,36,27.8,L 1.1,-1.1,8206,91,R 2.4
8,50,1758877527.692105,1758877530.393961,43,1758877527.497135,65,1758877529.860251,2.36,120.98,109.49,60.9,33.3,20.6,L 1.3,-2.6,5565,186,R 5.8
8,51,1758877571.923958,1758877574.625913,42,1758877571.670174,63,1758877574.025508,2.36,134.69,124.49,67.5,38.4,32.5,R 1.7,1.9,9277,310,R 21.7
8,52,1758877599.443587,1758877602.145655,44,1758877599.334602,67,1758877601.678566,2.34,131.7,121.12,43.2,33.2,25,R 1.5,1.7,7114,275,R 15.1
8,53,1758877630.866337,1758877633.668317,43,1758877630.700962,65,1758877633.034553,2.33,103.41,92.66,36.4,32.9,22.9,R 1.4,1.7,5196,371,R 12.1
9,1,1761643286.295067,1761643289.397353,-,-,67,1761643288.530037,-,85.1,72.87,32.4,26.6,20.1,R 0.5,0.1,4122,29,R 1.9
9,2,1761643299.005474,1761643302.040106,-,-,67,1761643301.239762,-,110.46,98.13,38.3,33.6,20.1,L 0.1,0,4782,137,R 3.6
9,3,1761643313.615005,1761643316.516979,-,-,68,1761643315.883218,-,91.4,79.14,33.6,30,21,R 2.1,2,4266,210,R 7.6
9,4,1761643329.326337,1761643332.26174,-,-,66,1761643331.527664,-,121.99,111.39,41.3,31.3,23.6,R 1.3,0.4,6473,-144,L 0.9
9,5,1761643402.812828,1761643405.714599,-,-,67,1761643405.047541,-,95.44,71.54,41.3,33.6,6.8,R 3.8,2.5,3235,-409,R 1.6
9,6,1761643414.421213,1761643417.422882,-,-,68,1761643416.689151,-,-,-,-,-,-,-,-,-,-,-
9,7,1761643447.810809,1761643450.746844,-,-,65,1761643449.978967,-,126.48,115.39,42.2,30.3,21.9,R 1.6,1.5,6226,142,R 8.9
9,8,1761643470.527797,1761643474.097072,-,-,65,1761643472.696062,-,139.5,128.68,45.4,35.6,21.9,L 2.2,-2.3,6614,-118,L 9.8
9,9,1761643485.438543,1761643488.407385,-,-,68,1761643487.706874,-,133.49,122.54,43.7,39.3,22.4,R 0.0,0.2,6554,210,R 8.6
9,10,1761643501.750259,1761643504.984262,-,-,64,1761643503.884043,-,132.84,121.67,43.1,39.5,24.7,R 5.6,5.3,6993,496,R 32.9
9,11,1761643518.595916,1761643521.998274,-,-,65,1761643520.763973,-,131.17,120.26,42.9,31.2,23.4,R 3.0,3.1,6658,456,R 24.6
9,12,1761643534.308722,1761643538.012614,-,-,66,1761643536.512573,-,134.17,124.02,44.1,40.7,25.6,R 3.7,3.3,7356,132,R 15.1
9,13,1761643549.983962,1761643553.388413,-,-,67,1761643552.22107,-,132.19,121.33,43.3,32.2,22.9,R 3.2,3,6603,227,R 16.7
9,14,1761643596.151603,1761643599.820929,43,1761643598.536117,65,1761643598.319842,-0.22,122.59,110.7,41.2,30.2,19.3,L 1.6,-1.4,5196,139,R 1.2
9,15,1761643612.429998,1761643615.498856,41,1761643614.723586,62,1761643614.498159,-0.23,127.5,116.99,42.3,39.7,27.6,R 8.9,8.5,7511,461,R 39.0
9,16,1761643628.441836,1761643632.578768,46,1761643630.911055,69,1761643630.744958,-0.17,125.62,115.9,41.9,33.4,28.2,R 10.2,9.7,7560,495,R 42.5
9,17,1761643647.322296,1761643651.457227,42,1761643649.696513,64,1761643649.456453,-0.24,135.29,124.59,44.5,39.9,21.7,R 0.6,0.3,6493,44,R 4.6
9,18,1761643663.668726,1761643667.337546,44,1761643666.083827,67,1761643665.903446,-0.18,124.96,114.13,41.3,36,24.6,R 5.4,5,6691,354,R 25.1
9,19,1761643679.579227,1761643685.148738,43,1761643681.921567,65,1761643681.747182,-0.17,130.46,119.74,42.9,32.4,23.5,R 3.3,3.1,6694,192,R 15.5
9,20,1761643697.992735,1761643702.827835,44,1761643700.407257,66,1761643700.193534,-0.21,128.81,118.07,42.9,33.3,21.4,R 2.1,1.6,6205,36,R 7.8
9,21,1761643717.206536,1761643721.907854,44,1761643719.642367,67,1761643719.440459,-0.2,140.57,129.88,45.8,41.4,22.9,R 0.7,0,6870,-141,L 3.0
9,22,1761643735.185138,1761643740.257589,44,1761643737.628444,67,1761643737.420049,-0.21,125.89,115.46,42.2,37.1,22.4,R 0.2,0.2,6331,125,R 5.3
9,23,1761643751.331052,1761643754.766418,46,1761643753.815913,69,1761643753.632739,-0.18,120.21,109.54,40,30.5,25.8,R 7.0,6.5,6749,430,R 30.0
9,24,1761643797.263169,1761643801.833139,43,1761643799.680408,65,1761643799.43137,-0.25,135,124.49,44.4,37.3,21.9,L 0.6,-1.2,6537,-139,L 5.7
9,25,1761643814.976507,1761643818.211936,46,1761643817.516601,69,1761643817.277977,-0.24,140.8,129.76,45.3,32.8,22.9,R 7.0,6.2,6852,223,R 27.3
9,26,1761643832.189507,1761643836.592203,45,1761643834.653336,68,1761643834.457294,-0.2,119.04,108.11,40.3,34.8,21.5,R 2.4,1.9,5783,22,R 7.6
9,27,1761643851.702144,1761643856.306021,44,1761643854.138252,66,1761643853.904612,-0.23,132.22,121.71,43.4,39.7,24.2,R 4.8,4.2,6923,110,R 16.6
9,28,1761643872.117037,1761643875.986827,44,1761643874.572434,67,1761643874.352045,-0.22,110.61,97.89,38.4,30.2,19.3,R 0.5,0.4,4751,127,R 4.5
9,29,1761643907.30907,1761643911.178692,44,1761643909.695245,66,1761643909.510635,-0.18,140.6,129.59,45.5,40.2,23.8,R 3.1,2.4,7094,9,R 9.6
9,30,1761643924.955141,1761643929.124904,47,1761643927.531438,71,1761643927.322985,-0.21,113.95,102.28,39.1,31.6,20.6,L4.6,-3.9,5154,215,L 2.8
9,31,1761643941.469848,1761643946.638908,46,1761643943.968713,70,1761643943.803237,-0.17,134.22,123.23,44.2,39.4,21.1,R 1.6,1.1,6295,14,R 6.5
9,32,1761643960.580703,1761643963.649619,45,1761643963.053939,68,1761643962.849005,-0.2,140.32,129.52,45.5,39.5,24,R 2.2,1.8,7132,82,R 10.4
9,33,1761643979.528292,1761643982.697042,44,1761643981.93932,66,1761643981.729735,-0.21,129.37,118.26,43.1,31.7,20,L 1.3,-1.7,5802,-161,L 7.0
9,34,1761644079.766596,1761644084.169784,44,1761644082.161736,66,1761644081.96815,-0.19,138.8,127.98,45.1,33.7,21.7,R 1.8,1.3,6551,-5,R 5.1
9,35,1761644098.550043,1761644102.617393,44,1761644100.997156,67,1761644100.783751,-0.21,122.43,111.2,41.3,30.5,20.6,L 1.7,-1.5,5647,136,R 0.9
9,36,1761644116.626496,1761644121.296516,42,1761644118.933271,63,1761644118.728044,-0.21,136.67,125.39,44.8,35.4,18.9,L 2.5,-2.7,5499,-214,L 11.3
9,37,1761644136.474773,1761644140.979647,44,1761644138.86784,67,1761644138.709224,-0.16,128.79,115.89,42.4,37,18.3,R 0.9,0.9,4744,145,R 7.1
9,38,1761644152.418626,1761644156.687558,46,1761644154.955386,69,1761644154.719512,-0.24,124.57,113.89,41.8,35.2,21.6,R 0.7,1.2,6090,405,R 15.6
9,39,1761644169.230966,1761644172.800203,45,1761644171.69243,68,1761644171.499293,-0.19,121.7,110.86,40.9,30.2,22,R 4.9,4.6,6062,399,R 23.6
9,40,1761644185.244875,1761644189.379988,45,1761644187.680054,68,1761644187.512952,-0.17,132.94,121.82,43.3,36.9,22.7,R 2.9,3.1,6568,483,R 25.5
9,41,1761644202.057223,1761644207.527769,46,1761644204.616942,70,1761644204.391908,-0.23,129.58,119.26,43.3,39,22.3,L 0.1,-0.7,6473,-100,L 3.7
9,42,1761644220.305848,1761644224.576209,46,1761644222.802864,69,1761644222.607119,-0.2,134.11,122.74,44,33,19.5,L 2.3,-2.2,5994,23,L 3.5
9,43,1761644236.11862,1761644240.520986,46,1761644238.590643,69,1761644238.419357,-0.17,128.05,117.7,42.6,33.2,24.4,R 2.1,1.5,6848,-49,R 2.7
9,44,1761644375.398642,1761644379.969048,43,1761644377.732931,65,1761644377.567115,-0.17,130.51,119.4,43.2,33.6,19.7,R 0.0,-0.1,5997,63,R 3.3
9,45,1761644391.812346,1761644397.049889,44,1761644394.170207,66,1761644394.01415,-0.16,128.59,115.62,42.4,36.9,18.1,L 2.9,-2.5,4701,135,L 1.6
9,46,1761644407.627456,1761644410.696269,44,1761644410.007947,66,1761644409.862503,-0.15,147.47,131.12,46.2,34.2,16.1,L6.4,-6.2,4420,-609,L 29.8
9,47,1761644426.308512,1761644430.143762,43,1761644428.643521,65,1761644428.476226,-0.17,130.74,120.05,42.8,31,22.9,R 7.2,6.5,6527,287,R 27.6
9,48,1761644441.788685,1761644445.657223,44,1761644444.181493,67,1761644444.023134,-0.16,127.67,117.02,42.2,27.8,23.7,R 5.1,4.1,6632,6,R 13.6
9,49,1761644457.969055,1761644463.773767,44,1761644460.418923,67,1761644460.203556,-0.22,135.71,124.75,44.7,39.5,19.9,L 0.9,-0.8,6418,122,R 2.9
9,50,1761644473.948069,1761644478.553517,44,1761644476.356586,67,1761644476.18225,-0.17,141.31,130.65,45.8,41.8,24.3,R 2.8,2.4,7217,138,R 13.7
9,51,1761644491.159978,1761644496.899497,46,1761644493.643203,69,1761644493.46116,-0.18,136.61,124.03,44.5,35.7,18.1,L 2.1,-2.2,4795,-114,L 8.5
9,52,1761644507.240615,1761644510.509754,44,1761644509.580866,66,1761644509.442271,-0.14,140.04,124.66,44.8,32.1,16,L 6.2,-5.8,4385,-400,L 23.3
9,53,1761644522.420586,1761644527.491504,45,1761644524.869031,68,1761644524.690013,-0.18,140.76,130.07,45.7,41.1,22,L 2.9,-2.9,6643,-78,L 11.2
10,1,1758762123.524309,1758762126.359536,43,1758762124.728653,65,1758762125.692426,0.96,159.87,144.92,49.6,47,14.7,L 0.9,-1.4,4282,-331,L 12.2
10,2,1758762156.34748,1758762159.282965,44,1758762157.602414,67,1758762158.582527,0.98,-,-,-,-,-,-,-,-,-,-
10,3,1758762184.968484,1758762187.903802,43,1758762186.223101,66,1758762187.169973,0.95,-,-,-,-,-,-,-,-,-,-
10,4,1758762212.087904,1758762215.123186,45,1758762213.392739,68,1758762214.356045,0.96,-,-,-,-,-,-,-,-,-,-
10,5,1758762241.542311,1758762244.411155,42,1758762242.713933,64,1758762243.677283,0.96,-,-,-,-,-,-,-,-,-,-
10,6,1758762277.5363,1758762280.504543,45,1758762278.840044,67,1758762279.80425,0.96,-,-,-,-,-,-,-,-,-,-
10,7,1758762320.665943,1758762323.601407,42,1758762321.871147,64,1758762322.800804,0.93,-,-,-,-,-,-,-,-,-,-
10,8,1758762359.094029,1758762362.028795,41,1758762360.148813,63,1758762361.195066,1.05,-,-,-,-,-,-,-,-,-,-
10,9,1758762394.519633,1758762397.454499,-,-,65,1758762396.687434,-,-,-,-,-,-,-,-,-,-,-
10,10,1758762424.741605,1758762427.643443,-,-,64,1758762426.875919,-,-,-,-,-,-,-,-,-,-,-
10,11,1758762459.365893,1758762462.234435,-,-,65,1758762461.533969,-,-,-,-,-,-,-,-,-,-,-
10,12,1758762619.079824,1758762621.882161,-,-,65,1758762621.248453,-,165.59,151.94,50.5,35.9,16,L 3.3,-3.1,4435,-40,L 13.3
10,13,1758762651.104982,1758762654.006257,-,-,68,1758762653.372633,-,152,138.62,47.9,37,17.2,L 0.5,-1,4629,-323,L 10.4
10,14,1758762678.624803,1758762681.491651,-,-,66,1758762680.824917,-,152.49,137.78,47.8,33.3,15.6,L 1.0,-1.4,4361,-286,L 10.5
10,15,1758762707.744665,1758762710.612954,-,-,64,1758762709.879222,-,156.06,144.94,49.9,38.6,23.7,R 0.6,0.3,6304,26,R 5.0
10,16,1758762737.165717,1758762739.96731,-,-,64,1758762739.30019,-,159.21,147.21,49.6,36.7,18.2,L 0.6,-0.2,5096,410,R 19.1
10,17,1758762768.487478,1758762771.322253,-,-,65,1758762770.655065,-,143.65,122.57,44.5,34.5,21.2,R 2.1,1.5,6459,3,R 6.3
10,18,1758762823.727824,1758762826.629732,-,-,65,1758762825.895924,-,123.23,96.22,47.5,36.2,5.9,L 3.4,-3.4,3129,-343,L 11.9
10,19,1758762857.951243,1758762860.721242,-,-,63,1758762860.05408,-,143.67,131.9,44.2,34.4,21.3,R 2.3,2.3,6492,255,R 21.6
10,20,1758762886.574241,1758762889.408508,-,-,64,1758762888.708259,-,144.78,125.53,47.4,38.9,11,L 1.8,-2.4,4056,-423,L 13.9
10,21,1758762914.69282,1758762917.494239,-,-,64,1758762916.827225,-,150.37,133.76,48.1,35.3,18.5,L 0.1,-0.9,5383,-381,L 9.1
10,22,1758763010.795773,1758763013.631135,-,-,63,1758763012.897281,-,169.93,154.96,51.6,26.5,14.8,L 2.6,-2.7,4293,-23,L 16.8
10,23,1758763045.586558,1758763048.289435,-,-,61,1758763047.622319,-,155,146.21,49.5,44.2,21.9,L 0.5,-0.4,6496,141,R 7.2
10,24,1758763080.71405,1758763083.515054,-,-,63,1758763082.814802,-,146.79,131.4,46.4,33.1,15.5,L 2.4,-3.1,6345,-457,L 17.2
10,25,1758763113.937234,1758763116.772272,-,-,65,1758763116.105155,-,151.72,138.26,47.7,33.2,16.5,L 2.0,-2,4503,-113,L 9.1
10,26,1758763143.758085,1758763146.726814,-,-,68,1758763146.026341,-,143.3,131.66,46,37.4,18.5,R 1.0,0.8,5192,112,R 7.7
10,27,1758763181.385761,1758763184.320093,-,-,67,1758763183.61931,-,154.26,163.03,49.1,36.3,20.5,L 0.1,0.3,6357,392,R 19.5
10,28,1758763206.904195,1758763209.705886,-,-,65,1758763209.072157,-,141.94,131.05,45,34.1,21.4,R 4.0,3.4,6501,82,R 14.9
10,29,1758763235.824027,1758763238.859004,-,-,69,1758763238.124625,-,147.17,135.23,47.5,37.8,19.5,L 1.3,-1,6229,130,R 2.9
10,30,1758763270.015404,1758763273.151011,-,-,71,1758763272.383798,-,157.67,144.01,40.9,37.4,17.2,L 0.2,-0.2,4632,151,R 6.8
11,1,1758512465.102,1758512468.535333,42,1758512466.357818,62,1758512467.202,0.84,76.45,64.7,29.9,22.3,22.2,L 2.1,-1.9,4104,102,L 1.2
11,2,1758512484.635333,1758512488.068667,48,1758512486.196378,72,1758512487.035333,0.84,-,-,-,-,-,-,-,-,-,-
11,3,1758512494.902,1758512498.235333,46,1758512496.390499,70,1758512497.235333,0.84,72.97,62.78,23.8,22.1,25.1,L 2.4,-2.2,4216,125,L 1.7
11,4,1758512592.868667,1758512596.035333,44,1758512594.284048,67,1758512595.102,0.82,76.13,65.13,29.7,23,23.5,L 1.0,-0.9,4172,139,R 0.7
11,5,1758512653.902,1758512656.935333,41,1758512655.148949,62,1758512655.968667,0.82,75.17,66.42,29.4,27.7,28.2,L 4.3,-3.5,4508,185,L 3.2
11,6,1758512673.235333,1758512676.135333,39,1758512674.337884,59,1758512675.202,0.86,91.32,81.11,33.6,25.4,24.5,L 2.5,-2.5,4872,-21,L 5.9
11,7,1758512692.468667,1758512694.835333,30,1758512693.127049,46,1758512694.002,0.87,84.78,75.69,31.8,25.2,29.3,L 0.6,-0.3,5937,220,R 3.7
11,8,1758512809.902,1758512812.702,36,1758512810.859157,55,1758512811.735333,0.88,83.09,69.96,33.5,23.5,25.8,L 1.3,-1.4,4372,50,L 0.7
11,9,1758512828.068667,1758512831.202,46,1758512829.498409,70,1758512830.402,0.9,83.31,73.89,31.5,24.4,26.8,L 0.7,-0.4,4312,194,R 2.4
11,10,1758512846.468667,1758512849.335333,42,1758512847.68792,64,1758512848.602,0.91,80.81,69.8,33.8,24,24.4,L 2.8,-1.2,4257,-132,L 4.1
11,11,1758512864.335333,1758512867.735333,48,1758512865.927402,73,1758512866.768667,0.84,71.03,60.04,28.4,24.6,22.8,R 1.5,1.1,4264,87,R 1.4
11,12,1758512882.702,1758512885.802,44,1758512884.01697,67,1758512884.935333,0.92,78.27,68.57,30.1,23.2,26.2,L 2.1,-1.9,4350,93,L 1.3
11,13,1758512899.968667,1758512903.468667,53,1758512901.75674,80,1758512902.635333,0.88,79.07,73.4,33.3,24.3,31.5,R 2.0,2.1,5610,279,R 0.7
11,14,1758512918.768667,1758512922.035333,48,1758512920.346021,73,1758512921.202,0.86,89.81,80.54,33,26,28.9,L 0.8,-0.6,5813,151,R 2.1
11,15,1758512937.502,1758512941.235333,57,1758512939.484984,86,1758512940.368667,0.88,77.2,66.32,29.8,22.7,24.4,L 2.4,-1.9,4220,175,L 0.7
11,16,1758513097.535333,1758513100.835333,46,1758513098.943031,70,1758513099.868667,0.93,89.37,76.79,33.1,24.4,21.1,L 4.7,-4.7,4227,-196,L 9.9
11,17,1758513115.702,1758513119.302,53,1758513117.432369,80,1758513118.368667,0.94,80.15,76.39,33.6,24.4,23,L 4.5,-4.3,4363,-137,L 9.3
11,18,1758513134.535333,1758513137.902,46,1758513135.971678,70,1758513136.868667,0.9,79.92,70.7,30.6,26.9,27,L 1.0,-0.8,4594,130,R 0.9
11,19,1758513153.102,1758513156.368667,45,1758513154.411044,68,1758513155.368667,0.96,76.6,65.79,29.7,22.6,26.2,L 4.0,-2.6,4213,99,L 4.1
11,20,1758513172.068667,1758513175.302,46,1758513173.500037,70,1758513174.402,0.9,79.57,69.7,33.3,23.5,26.8,L 0.8,-0.5,4430,161,R 1.6
11,21,1758513190.602,1758513194.068667,46,1758513192.039346,70,1758513192.935333,0.9,80.42,70.52,33.6,23.6,26,L 3.0,-2.7,4391,107,L 2.6
11,22,1758513208.368667,1758513211.968667,49,1758513209.92903,74,1758513210.835333,0.91,83.67,72.1,31.5,23.7,22.9,L 4.8,-4.5,4256,-13,L 8.2
11,23,1758513252.535333,1758513255.935333,48,1758513254.053584,73,1758513254.968667,0.92,76.06,66.53,29.5,22.9,26.8,R 0.5,0.7,4351,229,R 4.5
11,24,1758513270.768667,1758513274.202,48,1758513272.293067,73,1758513273.202,0.91,76.01,47.51,29.7,23.2,22,L 3.9,-3.2,4523,162,L 3.1
11,25,1758513430.402,1758513433.168667,35,1758513431.20143,53,1758513432.168667,0.97,94.11,82.76,34.1,25.7,23.1,L 5.1,-4.8,4426,-123,L 11.1
11,26,1758513485.235333,1758513487.535333,27,1758513485.520107,41,1758513486.602,1.08,87.99,77.74,32.6,29.1,25.5,L 1.4,-1.2,4537,144,R 0.7
11,27,1758513521.035333,1758513524.868667,58,1758513522.998494,87,1758513523.935333,0.94,89.18,79.6,32.9,23.4,26.2,L 2.2,-2,5192,117,L 1.1
11,28,1758513540.002,1758513543.068667,48,1758513541.437861,73,1758513542.435333,1,92,82.96,33,26,25.8,L 0.1,-0.1,5272,125,R 2.0
11,29,1758513559.035333,1758513561.602,41,1758513560.127084,62,1758513561.102,0.97,76.62,64.82,33.4,22.5,20.5,L 1.2,-1.2,4020,115,0.0
11,30,1758513596.768667,1758513599.468667,34,1758513597.555501,52,1758513598.502,0.95,74.15,60.99,33.4,26.4,17.7,L 9.1,-6.5,4177,-175,L 8.1
11,31,1758513613.902,1758513616.702,38,1758513614.84553,58,1758513615.835333,0.99,79.77,70.92,33.6,24,28.3,R 0.5,0.6,4593,281,R 4.5
11,32,1758513631.268667,1758513634.902,54,1758513633.035041,82,1758513634.002,0.97,83.59,69.81,33.9,23.4,23.4,L 3.0,-2.6,4250,133,L 2.2
11,33,1758513650.168667,1758513653.102,38,1758513651.124609,58,1758513652.102,0.98,87.72,77.23,32.4,24.9,25.6,L 1.9,-1.6,4767,109,L 0.5
11,34,1758513779.402,1758513782.802,49,1758513780.899773,74,1758513781.868667,0.97,78.04,66.15,33.4,27.3,22,L 2.2,-1.2,4123,-100,L 4.7
11,35,1758513797.702,1758513801.235333,50,1758513799.239197,76,1758513800.235333,1,84.96,75.07,31,25.1,29.1,L 0.5,-0.3,5496,144,R 2.3
11,36,1758513816.402,1758513819.668667,46,1758513817.728535,70,1758513818.735333,1.01,82.44,73.93,31.3,24,29.3,L 1.5,-1.3,5244,123,R 0.2
11,37,1758513834.835333,1758513837.735333,40,1758513835.918046,61,1758513836.868667,0.95,83.66,76.9,32.9,24.6,22.1,L 2.6,-3.5,4296,-52,L 7.5
11,38,1758513853.302,1758513856.302,40,1758513854.357413,60,1758513855.302,0.94,83,77.73,33.6,29,25.4,R 0.0,0.1,4011,174,R 3.6
11,39,1758513872.368667,1758513875.235333,36,1758513873.196549,55,1758513874.202,1.01,81.5,71.73,33.9,23.9,26.6,R 0.2,0.5,4570,180,R 1.9
11,40,1758513889.402,1758513892.868667,49,1758513890.886348,74,1758513891.868667,0.98,86.16,76.42,33.2,24.9,26.2,L 2.2,-2,4004,106,L 1.3
11,41,1758513926.735333,1758513930.068667,47,1758513928.164851,71,1758513929.102,0.94,75.16,66.07,29.2,22.9,28,R 1.7,2,4400,332,R 8.0
12,1,1758693665.294,1758693670.427333,66,1758693668.134905,101,1758693668.660667,0.53,133.53,122.24,44,38.6,19.8,R 4.1,3.6,4220,156,R 15.7
12,2,1758693679.460667,1758693684.127333,59,1758693682.038793,89,1758693682.460667,0.42,142.7,131.76,44.5,39.6,19.8,R 2.5,1.9,6420,-39,R 4.2
12,3,1758693728.194,1758693733.760667,80,1758693731.810683,122,1758693732.260667,0.45,136.95,125.4,44.8,39.1,19.2,R 1.1,0.7,5826,-54,R 0.2
12,4,1758693746.860667,1758693751.794,77,1758693750.248448,117,1758693750.760667,0.51,123.46,127.3,45.5,33.5,23.1,R 0.6,-0.1,6162,-152,L 3.1
12,5,1758693800.960667,1758693806.427333,82,1758693804.604591,123,1758693805.094,0.49,136.89,125.72,45.2,33.2,19.6,L 0.6,-1.3,6253,-245,L 7.6
12,6,1758693819.627333,1758693824.160667,50,1758693821.73257,77,1758693822.194,0.46,123,112.86,41.7,31,23.9,R 3.3,2.5,5077,-149,R 3.6
12,8,1758693913.194,1758693916.094,24,1758693913.97177,37,1758693914.427333,0.46,130.44,119.21,43,37.6,21.9,R 7.6,6.7,6230,146,R 23.1
12,9,1758694021.527333,1758694025.927333,55,1758694023.792337,84,1758694024.327333,0.53,12857,125.23,44.9,33.7,16.9,L 0.6,-0.9,4546,-199,L 6.3
12,10,1758694077.194,1758694081.794,62,1758694079.810901,94,1758694080.327333,0.52,129.59,119.32,43.3,38.7,21.7,R 0.1,-0.2,6381,-1,R 0.2
12,11,1758694094.560667,1758694099.027333,59,1758694097.090009,90,1758694097.560667,0.47,131.52,119.15,43,31.4,18.7,R 0.7,7.6,5035,127,R 24.4
12,12,1758694112.860667,1758694117.294,68,1758694115.779656,103,1758694116.294,0.51,129.97,116.49,42.8,37.1,17.7,L 2.0,-2.3,4426,-92,L 7.5
12,13,1758694130.727333,1758694135.094,46,1758694132.555,70,1758694133.060667,0.51,129.76,115.79,43,31.9,21,R 6.0,5,4107,57,R 17.6
12,14,1758694200.894,1758694206.260667,70,1758694203.938368,107,1758694204.460667,0.52,133.3,120.72,43.8,38.2,18.4,L 0.7,-1.1,4020,-190,L 6.4
12,15,1758694340.194,1758694344.027333,47,1758694342.070476,72,1758694342.594,0.52,125.19,114.45,42.5,31.3,19.9,R 5.9,4.7,4025,-279,R 6.8
12,16,1758694356.560667,1758694360.327333,50,1758694358.593937,76,1758694359.094,0.5,124.43,116,42,31.1,20.5,R 2.4,1.7,5790,-94,R 2.5
12,17,1758694392.760667,1758694397.260667,56,1758694395.116832,86,1758694395.627333,0.51,136.93,125.42,44.2,40,22.8,R 4.9,4.6,6720,326,R 25.5
12,18,1758694411.360667,1758694415.127333,49,1758694413.403467,75,1758694413.860667,0.46,131.94,121.2,43,30,23.2,R 1.0,0.6,6017,3,R 2.9
12,19,1758694462.627333,1758694467.260667,58,1758694465.089661,88,1758694465.560667,0.47,126.96,115.77,42.7,31.3,19.3,R 1.3,0.6,5303,-150,L 1.0
12,20,1758694513.860667,1758694519.160667,62,1758694516.523973,94,1758694516.994,0.47,101.73,77.71,41.1,27.9,7.8,L 7.0,-7.4,3494,-580,L 17.2
12,21,1758694548.560667,1758694553.527333,54,1758694550.880682,83,1758694551.327333,0.45,136.33,126.07,44.7,32.8,19.6,L 3.3,-3.7,5926,-299,L 15.2
12,22,1758694568.460667,1758694572.660667,52,1758694570.577857,79,1758694571.127333,0.55,137.19,125.76,44.9,39.3,18,L 1.7,-2.1,5416,-215,L 9.5
12,23,1758694637.794,1758694642.360667,58,1758694640.298804,89,1758694640.760667,0.46,136.79,125.8,44,31,21.9,R 1.5,0.5,4570,-103,L 1.5
13,1,1758685077.2,1758685081,46,1758685078.405032,70,1758685079.533333,1.13,102.48,93.47,36.4,28.6,28.4,R 2.3,1.6,6535,-30,R 2.9
13,2,1758685108.566667,1758685112.7,39,1758685109.580876,59,1758685110.533333,0.95,107.05,97.41,37.4,29,25.8,L 1.5,-1.8,4297,-43,L 5.4
13,3,1758685138.666667,1758685143.333333,56,1758685140.557194,85,1758685141.5,0.94,102.42,90.56,37.7,29.4,27.4,L 1.2,-1.5,6402,-157,L 10.2
13,4,1758685153.666667,1758685158.8,66,1758685156.070295,100,1758685157,0.93,92.67,82.62,24,28.1,23.3,R 1.0,0.2,4453,10,R 3.1
13,5,1758685295.2,1758685299.066667,52,1758685296.835465,78,1758685297.8,0.96,93.4,84.35,34,27.1,33.6,R 2.8,2.7,4305,246,R 11.5
13,6,1758685387.6,1758685391.933333,51,1758685389.265607,77,1758685390.166667,0.9,100.91,89.57,36,33.6,22.6,L 2.0,-2.8,4992,-105,L 6.6
13,7,1758685448,1758685453.366667,63,1758685450.220617,95,1758685451.166667,0.95,110.09,101.3,33.5,29.4,25.5,R 0.9,0.5,6329,0,R 2.2
13,8,1758685514,1758685517.8,35,1758685514.816965,53,1758685515.766667,0.95,97.71,86.17,35,26.3,22.3,R 1.8,1.5,4642,92,R 5.7
13,9,1758685545.3,1758685549.033333,35,1758685546.142453,53,1758685547.066667,0.92,87.92,77.26,32.49,27.9,24.7,R 6.2,5.2,4572,95,R 12.5
13,10,1758685559.533333,1758685563.833333,44,1758685560.80757,66,1758685561.733333,0.93,106.55,97.25,37.7,33.4,32,R 5.8,5.2,7564,259,R 21.2
13,11,1758685575.9,1758685580.266667,40,1758685577.019009,61,1758685577.933333,0.91,97.23,80.03,35,27.5,23.6,R 1.0,2.5,6272,93,R 0.7
13,12,1758685590.933333,1758685595,44,1758685592.182939,66,1758685593.133333,0.95,14.74,83.9,34.6,29.2,23.1,L 0.3,-1.3,4752,-107,L 2.1
13,13,1758686703.666667,1758686707.6,35,1758686704.537049,53,1758686705.433333,0.9,97.47,83.3,33.2,27.3,26.7,R 0.9,0.1,5956,-121,L 0.7
13,14,1758686718.333333,1758686722.466667,41,1758686719.501454,62,1758686720.4,0.9,110.23,100.14,23.4,29.5,24.2,L 2.1,-2.7,4151,-104,L 10.0
13,15,1758686733.2,1758686737.566667,52,1758686734.715266,78,1758686735.8,1.08,106.51,98.43,37.4,23.4,24,L 2.1,-2.9,5357,-100,L 7.5
13,16,1758686748.633333,1758686753,48,1758686750.078722,72,1758686751.033333,0.95,107.45,97.69,37.5,29.4,23.1,L 1.5,-1.8,4696,-65,L 5.6
13,17,1758686764.666667,1758686768.733333,42,1758686765.89111,64,1758686766.8,0.91,126.56,96.02,27.2,26,24.2,L 5.2,-5.5,5003,-273,L 15.0
13,18,1758686780.266667,1758686784.4,35,1758686781.104922,52,1758686782.033333,0.93,100.52,92.9,25.9,23,27.7,L 1.3,-1.8,4302,-66,L 4.7
13,19,1758686827.766667,1758686831.6,41,1758686828.893498,62,1758686829.866667,0.97,94.2,84.15,34.2,25.1,24.6,R 0.6,0.7,5077,190,R 9.4
13,20,1758686843.066667,1758686846.733333,32,1758686843.744478,49,1758686844.7,0.96,92.5,84.21,34.2,31.7,26.1,L 1.3,-2.6,5496,-111,L 4.5
13,21,1758686857.433333,1758686861.266667,35,1758686858.245435,53,1758686859.2,0.95,109.68,100.28,23.2,14.1,29.7,R 1.0,0.4,7120,-2,R 2.4
13,22,1758686872.933333,1758686876.7,48,1758686874.046477,73,1758686875.366667,1.32,112.4,102.95,33.9,30.6,23.5,L 1.2,-1.8,7264,-27,L 5.1
13,23,1758686949.5,1758686953.9,48,1758686951.001555,73,1758686951.933333,0.93,107.07,97.92,37.7,30.2,33.9,L 1.0,-9.4,7311,7,L 2.3
13,24,1758686964.966667,1758686968.433333,51,1758686966.602584,77,1758686967.533333,0.93,104.53,97.61,33,33.6,22.1,R 4.6,2.9,7625,89,R 14.0
13,25,1758687111.666667,1758687115.5,46,1758687113.012245,70,1758687114,0.99,99.58,90.57,35.6,31.1,29.4,L 0.6,-0.8,4532,57,R 1.2
13,26,1758687166.733333,1758687170.5,45,1758687167.865865,68,1758687169,1.13,105.53,96.16,37.2,23.9,26,L 4.6,-4.7,6396,-100,L 12.7
13,27,1758687182.233333,1758687185.9,36,1758687183.016864,55,1758687184.066667,1.05,104.13,96.59,37.3,29.6,29.8,R 0.0,-0.4,6953,-26,L 1.9
13,28,1758687197.466667,1758687201.4,41,1758687198.617894,63,1758687199.566667,0.95,110.46,100.76,33.2,26.3,23.6,R 0.9,1,4937,211,R 9.0
13,30,1758687258.866667,1758687262.7,44,1758687259.871935,67,1758687261.1,1.23,110.13,122.26,33.1,29,27,L 4.5,-4.5,6773,-104,L 13.4
13,31,1758687274.666667,1758687277.633333,32,1758687275.372958,49,1758687276.3,0.93,127.93,92.43,37.7,29.3,27,L 1.6,-2.2,4520,-107,L 4.2
13,32,1758687288.666667,1758687293.366667,60,1758687290.723971,91,1758687291.7,0.98,106.06,96.24,37.2,28.8,26.5,R 0.1,-0.2,6345,9,R 0.5
14,1,1758252736.739333,1758252740.639333,-,-,76,1758252739.272667,-,140.83,129.37,45.7,33.5,19.5,R 6.3,5.4,6186,83,R 19.9
14,2,1758252747.706,1758252751.372667,-,-,70,1758252750.039333,-,137.26,126.12,44.4,33.2,21.8,R 7.9,7,4520,162,R 25.9
14,3,1758252767.839333,1758252771.672667,-,-,79,1758252770.472667,-,157.97,145.16,48.8,35.3,17.6,R 8.4,7.3,4727,129,R 29.8
14,4,1758252819.272667,1758252822.839333,48,1758252820.094134,72,1758252821.672667,1.58,143.99,133.12,45.9,41.5,22.8,R 7.6,7.5,4842,693,R 43.5
14,5,1758252837.906,1758252840.939333,39,1758252838.24145,59,1758252839.872667,1.63,133.17,125.34,44.4,35.2,29.5,R 12.7,12.5,8270,457,R 53.4
14,6,1758252856.706,1758252861.339333,69,1758252858.538449,104,1758252860.172667,1.63,106.16,81.42,43.6,33.2,6.5,R 10.9,9.1,3237,-227,R 14.0
14,7,1758252904.872667,1758252908.606,54,1758252905.93144,81,1758252907.572667,1.64,150.2,142.26,49,38,26.7,R 13.7,12.4,7370,461,R 59.7
14,8,1758252924.072667,1758252928.439333,68,1758252925.828498,102,1758252927.472667,1.64,147.93,122.23,44.2,39.4,15.6,R 8.6,7.7,4231,429,R 26.5
14,9,1758252944.706,1758252949.039333,48,1758252945.525585,73,1758252947.139333,1.61,150.12,122.55,47.9,39.6,11.7,R 4.3,3.6,4090,47,R 13.5
14,10,1758252964.206,1758252967.539333,42,1758252964.772739,64,1758252966.339333,1.57,162.91,151.73,51.3,39.1,23.4,R 5.6,5,6415,179,R 26.1
14,11,1758252985.172667,1758252988.572667,49,1758252986.019598,74,1758252987.639333,1.62,154.69,142.75,48.9,26.1,19.6,R 4.6,4.7,6401,733,R 29.6
14,12,1758253017.506,1758253020.139333,32,1758253017.514941,48,1758253019.106,1.59,9.26,7.7,8.9,9.8,47.4,L 10.2,-11.4,36.73,20,L 2.3
14,13,1758253030.039333,1758253033.772667,48,1758253030.812973,72,1758253032.439333,1.63,145.7,131.06,44.2,33.3,17,R 6.8,3.9,4586,-107,R 6.6
14,14,1758253063.072667,1758253066.939333,36,1758253063.258176,54,1758253064.872667,1.61,164.84,149.46,50.5,35.3,15.1,L 3.1,-3.6,4315,-555,L 24.7
14,15,1758253117.172667,1758253120.772667,30,1758253117.100214,46,1758253118.706,1.61,128.24,125.05,65.2,34.8,18,R 4.8,3.2,4790,-492,L 1.3
14,16,1758253154.239333,1758253158.072667,52,1758253155.294566,79,1758253156.872667,1.58,143.32,126.11,46.4,32.2,12.6,R 4.3,3.4,4146,-179,R 5.3
14,17,1758253176.172667,1758253178.972667,30,1758253176.091491,46,1758253177.706,1.61,53.4,42,29.9,20.6,10,R 0.9,-0.2,3251,-73,R 0.4
14,18,1758253224.972667,1758253229.239333,40,1758253225.334209,60,1758253226.972667,1.64,131.05,106.19,49.1,33.4,6.1,R 2.1,1.3,3218,-315,L 1.4
14,19,1758253244.439333,1758253249.172667,60,1758253245.881171,90,1758253247.439333,1.56,144.19,129.15,46.2,35.9,15.2,R 0.7,-0.6,4317,-256,L 1.3
14,20,1758253263.439333,1758253268.772667,56,1758253264.678391,85,1758253266.272667,1.59,143.53,135.09,47.1,30.03,16.6,R 1.7,1,4503,-107,L 1.1
14,21,1758253280.506,1758253285.706,60,1758253281.92584,90,1758253283.506,1.58,145,130.62,43,34.6,16.2,R 4.1,2.5,4427,83,R 14.2
14,22,1758253461.072667,1758253465.639333,56,1758253462.34916,85,1758253463.906,1.56,114.07,97.77,40.3,20.4,13.3,R 2.0,2.1,4104,-90,R 1.2
14,23,1758253480.106,1758253483.439333,31,1758253480.096536,47,1758253481.672667,1.58,81.57,58,37.7,25.5,7.2,L 4.5,-5.2,3156,-377,L 0.6
14,24,1758253510.839333,1758253514.706,44,1758253511.441901,66,1758253513.039333,1.6,153.56,139.01,48.2,34.6,16.4,R 1.0,0.2,4480,-365,L 7.8
14,25,1758253529.206,1758253532.839333,44,1758253529.83918,66,1758253531.406,1.57,167.22,154.11,51.5,37.7,16,R 0.2,-0.7,4587,-377,L 12.1
14,26,1758253549.272667,1758253552.772667,41,1758253549.736238,62,1758253551.339333,1.6,75.4,54.07,36.1,29.5,7.4,L 0.6,-1.6,3115,-176,L 2.0
14,27,1758253570.172667,1758253573.939333,43,1758253570.733133,65,1758253572.339333,1.61,169.02,130.52,47.3,43,23.7,R 12.4,12.6,7118,69,R 29.1
14,28,1758253590.439333,1758253594.339333,52,1758253591.480065,79,1758253593.072667,1.59,160.32,149.4,50.1,29.5,19.7,R 0.3,7.4,6509,242,R 23.0
14,29,1758253634.339333,1758253638.239333,50,1758253635.223597,75,1758253636.839333,1.62,123.7,118.51,40.4,26.4,7.9,R 6.1,5,2790,-100,R 6.9
14,30,1758253759.706,1758253763.039333,42,1758253760.205115,63,1758253761.806,1.6,157.8,145,49.4,23.6,16.6,R 0.7,0,4535,-299,L 7.3
14,31,1758253778.772667,1758253784.072667,89,1758253781.601951,134,1758253783.239333,1.64,123.03,126.93,44.4,33.1,18.1,R 0.2,7.1,4726,167,R 25.6
14,32,1758253803.572667,1758253806.806,32,1758253803.548706,48,1758253805.172667,1.62,161.81,150.26,51,37.3,19.7,R 4.9,4,6515,-152,R 7.9
14,33,1758253820.739333,1758253825.172667,60,1758253822.145956,91,1758253823.772667,1.63,116.27,91.71,44,26.5,6.7,R 7.0,6.7,3345,1020,R 26.3
14,34,1758253840.206,1758253844.006,57,1758253841.39311,86,1758253843.072667,1.68,122.69,120.84,43.4,28.2,19.9,R 8.9,8,4194,456,R 23.3
14,35,1758253876.872667,1758253880.039333,37,1758253877.137824,56,1758253878.739333,1.6,163.65,130.93,46,39.2,17.6,R 3.1,2.4,4713,-156,R 1.0
14,36,1758253920.306,1758253925.239333,78,1758253922.581104,117,1758253924.206,1.62,141.24,122.2,45.6,41,22.1,R 10.2,9.3,6675,574,R 46.3
14,37,1758254032.606,1758254036.439333,52,1758254033.614685,78,1758254035.206,1.59,137.81,123.75,44.5,31.2,17.2,R 2.8,2.1,4600,-156,R 2.2
14,38,1758254051.106,1758254055.306,54,1758254052.211935,81,1758254053.806,1.59,140.01,123.01,49,33.1,13.7,R 1.8,1.2,4203,131,R 13.6
14,39,1758254146.772667,1758254149.839333,38,1758254147.097903,57,1758254148.672667,1.57,137.47,122.05,43.8,37.8,16.9,R 7.0,7,4503,443,R 32.8
14,40,1758254169.606,1758254172.106,32,1758254169.594577,48,1758254171.206,1.61,159.9,165,49.5,34.5,16,L 1.1,-2,4418,-366,L 14.0
14,41,1758254203.206,1758254205.572667,34,1758254203.339587,52,1758254204.939333,1.6,154.01,142.33,49.4,35.2,18.7,R 6.3,9.2,5013,-118,R 12.2
14,42,1758254228.272667,1758254231.106,39,1758254228.635846,59,1758254230.239333,1.6,60.25,39.31,32.5,26.5,7.1,L 1.5,-2.9,2826,-125,L 2.2
14,43,1758254245.806,1758254249.539333,44,1758254246.433214,67,1758254248.039333,1.61,159.07,146.04,49.6,40.9,17,L 0.7,-1.2,4594,-253,L 12.7
15,1,1758166794.439667,1758166797.506333,39,1758166795.293014,59,1758166796.406333,1.11,127.41,117.05,42.4,31.6,27.5,R 2.8,2.5,7482,105,R 14.5
15,2,1758166810.939667,1758166815.373,64,1758166813.105312,97,1758166814.173,1.07,127.07,117.6,42.5,32.7,25.7,L 1.4,-1.3,7128,90,R 1.2
15,3,1758166828.273,1758166832.939667,70,1758166830.717472,106,1758166831.806333,1.09,113.09,101.85,33.9,28.7,21.1,R 0.6,0.4,5260,113,R 4.7
15,4,1758166855.806333,1758166861.073,81,1758166858.836886,122,1758166859.873,1.04,111.59,100.29,23.6,28.6,20.7,L 1.4,-1.4,5076,79,0.0
15,5,1758166888.839667,1758166893.273,59,1758166890.708891,89,1758166891.806333,1.1,115.55,105.12,27.5,32.6,24.2,R 1.0,0.9,6321,124,R 6.4
15,6,1758166906.506333,1758166910.339667,47,1758166907.820706,72,1758166908.906333,1.09,127.27,117.02,42.5,33,22.9,R 2.5,2.2,6401,125,R 12.0
15,7,1758166923.573,1758166927.873,53,1758166925.232727,81,1758166926.273,1.04,129.22,110.23,42,22.3,24.5,L 0.2,-0.9,4918,-100,L 4.1
15,8,1758166940.973,1758166944.406333,44,1758166942.144404,67,1758166943.206333,1.06,120.07,120.14,43.2,31.7,23,L 1.3,-1.5,4615,-57,L 6.0
15,9,1758166958.473,1758166962.206333,43,1758166959.556425,65,1758166960.639667,1.08,129.16,118.15,42.7,23.9,22.7,R 2.1,2.2,4446,276,R 19.0
15,10,1758166975.773,1758166979.939667,51,1758166977.268654,78,1758166978.373,1.1,129.59,119.11,42.7,32,25.8,R 3.4,3.4,7172,319,R 21.2
15,11,1758166993.606333,1758166996.839667,39,1758166994.530572,60,1758166995.606333,1.08,124.31,114.61,42.3,32.5,23.6,R 2.0,2.3,7694,269,R 19.9
15,12,1758167011.039667,1758167013.906333,31,1758167011.592352,47,1758167012.639667,1.05,125.74,115.59,41.9,37.23,25.2,R 2.8,2.1,6923,41,R 9.8
15,13,1758167027.806333,1758167031.506333,44,1758167029.004374,67,1758167030.039667,1.04,126.96,117.01,43.2,32.9,23.6,R 5.1,4.8,8206,268,R 20.1
15,14,1758167045.906333,1758167049.139667,37,1758167046.716603,56,1758167047.773,1.06,129,118.1,42.9,30.6,22.4,L 2.9,-2.6,6433,81,L 3.0
15,15,1758167069.639667,1758167073.739667,57,1758167071.433668,87,1758167072.539667,1.11,126.53,116.13,42.1,30.4,26.2,R 0.2,0.4,7159,216,R 9.2
15,16,1758167092.639667,1758167097.206333,67,1758167094.999938,102,1758167096.039667,1.04,114.19,104.22,39.2,29.9,22.9,L 0.2,0,5979,291,R 8.6
15,17,1758167110.106333,1758167113.539667,42,1758167111.211131,64,1758167112.239667,1.03,122.99,112.23,41.4,33.1,22.4,R 0.0,0.2,4224,241,R 0.5
15,18,1758167127.639667,1758167130.606333,43,1758167128.773257,65,1758167129.806333,1.03,122.15,112.01,41.3,30.9,23,L 0.7,-0.5,4348,145,R 2.6
15,19,1758167202.406333,1758167206.373,55,1758167204.175316,83,1758167205.173,1,115.03,105.22,39.7,26.1,21.8,L 0.5,-0.2,5722,146,R 3.6
15,20,1758167218.839667,1758167222.306333,38,1758167219.73606,58,1758167220.773,1.04,123.81,110.64,40.6,30.2,25.1,R 0.0,0.4,4657,240,R 13.0
15,21,1758167244.706333,1758167248.639667,55,1758167246.504541,84,1758167247.506333,1,125.53,115.46,42,31.6,27.2,R 1.1,1.2,7750,165,R 9.5
15,22,1758167263.306333,1758167266.539667,36,1758167264.066667,55,1758167265.139667,1.07,125.49,115.14,42.1,32.1,22.6,L 1.5,-1.5,4353,48,L 0.7
15,23,1758167279.239667,1758167282.739667,39,1758167280.17779,59,1758167281.206333,1.03,106.93,97.89,37.8,23.7,22,R 2.2,1.9,5349,129,R 0.1
15,24,1758168002.394667,1758168005.828,41,1758168003.87745,62,1758168004.494667,0.62,114.41,124.19,15.9,29.6,26,R 2.1,2.2,6574,263,R 16.4
15,25,1758168020.594667,1758168024.694667,51,1758168022.59037,78,1758168023.194667,0.6,126.43,115.27,42.2,33.2,20.6,L 2.4,-2.4,5836,-45,L 9.2
15,26,1758168037.194667,1758168041.061333,47,1758168038.951666,72,1758168039.594667,0.64,124.4,113.46,41.1,31.3,24.5,R 3.4,1.7,4636,536,R 25.6
15,27,1758168055.361333,1758168058.994667,43,1758168056.914068,65,1758168057.528,0.61,120.77,110.48,40.9,31.7,23.3,L 1.7,-1.3,6347,240,R 4.4
15,28,1758168090.228,1758168093.661333,45,1758168091.83818,68,1758168092.494667,0.66,132.16,121.84,63.6,32,25.3,L 2.6,-2.2,7205,165,R 0.6
15,29,1758168108.261333,1758168111.528,35,1758168109.45034,54,1758168110.061333,0.61,116.03,104.07,39.7,32.7,23.6,L 6.0,-5.3,5239,107,L 9.7
15,30,1758168134.661333,1758168138.528,51,1758168136.569063,77,1758168137.228,0.66,134.05,124.17,44.4,35.2,21.6,L 4.3,-3.8,6457,80,L 6.4
15,31,1758168153.094667,1758168155.794667,31,1758168154.03112,47,1758168154.661333,0.63,124.5,124.02,44.1,33.8,22,L 2.5,-2.2,6509,141,L 0.2
15,32,1758168182.828,1758168186.161333,39,1758168184.201951,60,1758168184.828,0.63,126.04,116.07,42.4,31.2,27.1,L 0.1,0,2399,157,R 6.2
15,33,1758168196.828,1758168199.861333,41,1758168198.311692,63,1758168198.928,0.62,131.7,122.03,44.4,37,26.9,L 1.7,-1.6,7697,79,0.0
15,34,1758168223.161333,1758168226.961333,50,1758168225.030139,76,1758168225.694667,0.66,126.99,116.9,42.3,26.7,25.3,L 0.9,-1,7350,48,R 1.4
15,35,1758168251.394667,1758168254.794667,38,1758168252.699243,57,1758168253.328,0.63,123.97,118.29,42.4,27.1,23.7,L 0.6,-0.2,6696,210,R 7.0
15,36,1758168346.761333,1758168350.361333,51,1758168348.715535,77,1758168349.328,0.61,127.93,117.83,42.5,31.5,27.2,R 2.2,2.4,7444,239,R 19.3
15,37,1758168371.394667,1758168374.894667,43,1758168372.982289,65,1758168373.594667,0.61,115.44,105.02,29.4,22.1,22.9,L 1.4,-1.9,4320,216,R 4.0
15,38,1758168384.828,1758168387.961333,35,1758168385.99127,53,1758168386.594667,0.6,114.37,100.76,39,29.9,18.6,R 0.0,0.5,4450,672,R 13.0
15,39,1758168407.061333,1758168410.461333,41,1758168408.506816,62,1758168409.128,0.62,127.29,117.07,42.3,33.7,24.7,R 0.7,0.6,6875,139,R 7.1
15,40,1758168486.861333,1758168490.661333,43,1758168488.462019,66,1758168489.061333,0.6,114.52,104.39,23.9,29.4,23.9,R 4.0,4.7,7149,373,R 21.6
15,41,1758168508.461333,1758168512.561333,55,1758168510.627322,83,1758168511.228,0.6,131.75,121.13,63.3,31.2,24.4,R 1.7,1.6,6973,107,R 12.0
15,42,1758168525.061333,1758168528.494667,40,1758168526.438239,61,1758168527.094667,0.66,129.44,118.2,42.5,20,25.2,R 2.9,2.9,7010,122,R 19.6
15,43,1758168539.494667,1758168543.328,50,1758168541.348533,76,1758168542.028,0.68,125.42,116.17,42,27.2,27.6,R 0.6,0.3,7590,70,R 5.3
15,44,1758168555.594667,1758168558.928,42,1758168557.05938,64,1758168557.728,0.67,129.76,119.39,42.9,39.2,24.2,L 0.8,-0.6,6863,170,R 5.0
15,45,1758168572.194667,1758168576.094667,51,1758168574.121161,78,1758168574.794667,0.67,126.23,115.03,42.2,29.2,22.4,L 3.0,-2.8,6358,58,L 4.0
15,46,1758168589.428,1758168593.294667,48,1758168591.18294,73,1758168591.861333,0.68,125.19,114,41.7,34.7,21.2,L 4.0,-3.7,5979,-6,L 10.3
15,47,1758168604.528,1758168607.061333,33,1758168605.542854,50,1758168606.194667,0.65,129.73,119.66,43.7,32,23.5,R 2.2,3.4,7925,338,R 23.3
16,1,1758157174.1,1758157178.733333,55,1758157175.381327,83,1758157176.866667,1.49,125.59,115.19,41.7,31,29.1,R 4.4,4.7,7405,417,R 27.1
16,2,1758157199.1,1758157202.5,39,1758157199.602094,60,1758157201.1,1.5,111.56,86.99,43.9,35.8,6.7,L 4.5,-4.1,3313,-37,L 9.4
16,3,1758157215.233333,1758157219.166667,47,1758157216.150445,71,1758157217.6,1.45,119.89,103.62,40.6,30.9,23.2,L 7.6,-6.6,5372,100,L 12.2
16,4,1758157232.2,1758157235.6,37,1758157232.598502,56,1758157234.066667,1.47,129.46,114.73,42.5,33.4,16.1,L 6.3,-5.6,6387,27,L 12.7
16,5,1758157248.2,1758157251.8,41,1758157248.795826,62,1758157250.266667,1.47,121.57,106.46,40,29.4,16.2,R 0.5,0.7,4327,307,R 10.1
16,6,1758157275.5,1758157279.466667,51,1758157276.576996,77,1758157278.066667,1.49,-,-,-,-,-,-,-,-,-,-
16,7,1758157370.4,1758157373.266667,31,1758157370.501421,48,1758157372,1.5,125.54,115.1,41.8,31.1,25.2,L 0.1,0,6915,213,R 0.1
16,8,1758157388.266667,1758157392.2,45,1758157389.055632,67,1758157390.533333,1.48,-,-,-,-,-,-,-,-,-,-
16,9,1758157403.866667,1758157408.233333,62,1758157405.50369,94,1758157407,1.5,-,-,-,-,-,-,-,-,-,-
16,10,1758157422.966667,1758157426.433333,27,1758157422.854384,41,1758157424.333333,1.48,-,-,-,-,-,-,-,-,-,-
16,11,1758157459.033333,1758157462.733333,36,1758157459.411194,55,1758157460.866667,1.46,134.39,123.69,44,38.1,22.8,L 2.3,-2,4689,133,R 0.1
16,12,1758157546.733333,1758157551.466667,73,1758157548.922726,110,1758157550.4,1.48,134.39,123.69,44,33.1,22.8,L 2.3,-2,6609,123,R 0.1
16,13,1758157558.133333,1758157561.566667,35,1758157558.450564,53,1758157559.9,1.45,-,-,-,-,-,-,-,-,-,-
16,14,1758157575,1758157578.466667,39,1758157575.500379,59,1758157576.966667,1.47,-,-,-,-,-,-,-,-,-,-
16,15,1758157591.5,1758157595.733333,48,1758157592.449902,73,1758157593.933333,1.48,-,-,-,-,-,-,-,-,-,-
16,16,1758157608.366667,1758157611.533333,37,1758157608.797666,57,1758157610.266667,1.47,3,-,-,-,-,-,-,-,-,-
16,17,1758157624.333333,1758157628.533333,49,1758157625.346016,75,1758157626.833333,1.49,-,-,-,-,-,-,-,-,-,-
16,18,1758157643.766667,1758157646.533333,29,1758157643.799934,44,1758157645.266667,1.47,-,-,-,-,-,-,-,-,-,-
16,19,1758157660.166667,1758157664.1,47,1758157661.100482,71,1758157662.533333,1.43,132.07,121.68,43.9,31.3,20.7,L 7.4,-6.2,6174,223,L 0.1
16,20,1758157680.4,1758157684.833333,50,1758157681.459968,76,1758157682.933333,1.47,133.12,113.4,49.2,37.1,10.9,L 5.3,-5,4020,-597,L 21.9
16,21,1758157696.966667,1758157701.2,43,1758157697.707439,66,1758157699.166667,1.46,129.56,127.69,49.1,35.9,24.4,L 3.9,-3.1,7215,209,R 0.1
16,22,1758157714.966667,1758157718.5,31,1758157715.058134,48,1758157716.566667,1.51,125.46,114.29,42,33.7,20.3,L 5.9,-5.3,5693,-54,L 16.2
16,23,1758157731.566667,1758157736.066667,54,1758157732.81,82,1758157734.3,1.49,135.69,125,44.4,34.8,24.9,L 2.9,-2.6,7225,77,L 3.1
16,24,1758157749.466667,1758157753.733333,39,1758157750.010255,60,1758157751.466667,1.46,137.71,127.08,44.9,33.3,24.9,L 1.4,-0.6,7323,255,R 12.8
16,25,1758157789.166667,1758157792.933333,41,1758157789.826589,63,1758157791.266667,1.44,133.1,119.23,42.9,33.3,23.2,L 1.8,-1,4615,85,L 0.3
16,26,1758157877.233333,1758157880.933333,53,1758157878.435483,80,1758157879.9,1.46,-,-,-,-,-,-,-,-,-,-
16,27,1758157887.233333,1758157891.2,45,1758157888.113761,69,1758157889.533333,1.42,136,125.78,45.3,33.5,27,R 1.2,1.8,7832,377,R 23.9
16,28,1758157904.866667,1758157908.633333,41,1758157905.514602,63,1758157906.966667,1.45,136.62,124.2,44.4,35.2,18.4,L 4.1,-3.6,4981,94,L 5.6
16,29,1758157920.833333,1758157925.866667,54,1758157922.113099,82,1758157923.566667,1.45,132.74,121.22,43.6,32.4,23.9,R 1.3,1.8,6128,490,R 23.0
16,30,1758157938,1758157942.533333,53,1758157939.263207,81,1758157940.7,1.44,131.95,122.04,44.1,32.7,27,R 3.0,3.3,7676,392,R 24.6
16,31,1758157955.7,1758157959.6,39,1758157956.21273,59,1758157957.666667,1.45,124.72,114.01,41.8,37.7,22.2,L 1.8,-0.8,6266,454,R 12.2
16,32,1758157972.5,1758157976.566667,39,1758157973.011813,60,1758157974.5,1.49,131.07,110.17,43.1,33.1,17.2,L 2.5,-2.2,4526,111,L 1.4
16,33,1758157999.266667,1758158003.433333,46,1758158000.141078,69,1758158001.6,1.46,133.11,122.75,44.5,29,26.8,L 0.5,0.1,7650,331,R 12.9
16,34,1758158016.733333,1758158020.8,43,1758158017.491772,66,1758158018.933333,1.44,136.63,126.03,44.6,36.8,22.7,L 4.3,-2.9,4957,47,L 7.8
16,35,1758158034.533333,1758158038.5,39,1758158035.093199,60,1758158036.533333,1.44,125.02,125.12,44.4,34.4,25.5,L 0.5,0.2,7383,347,R 14.9
16,36,1758158124.566667,1758158128.366667,39,1758158125.056049,59,1758158126.533333,1.48,126.73,115.78,62.2,37,22.1,L 1.4,-1.3,6290,94,R 0.8
16,37,1758158141.233333,1758158144.766667,31,1758158141.353667,47,1758158142.8,1.45,122.73,112.44,41.5,37.3,21.9,L 0.6,-0.6,6123,96,R 2.5
16,38,1758158156.333333,1758158160.6,35,1758158156.648354,54,1758158158.133333,1.48,126.07,115.92,42,39.1,22.1,R 3.9,3.4,6468,567,R 20.6
16,39,1758158172.333333,1758158175.833333,27,1758158172.243921,41,1758158173.7,1.46,140.9,133.02,45.9,33.9,21.4,4.9,-4.2,6495,199,L 3.4
16,40,1758158188.666667,1758158192.166667,35,1758158188.892564,53,1758158190.433333,1.54,139.09,128.24,45.2,39.1,24.4,R 0.1,0.2,7229,185,R 8.9
16,41,1758158205.1,1758158209.266667,52,1758158206.243259,79,1758158207.733333,1.49,96.41,69.14,41,33.5,6.6,L 9.8,-9.5,3154,-599,L 19.9
16,42,1758158222.133333,1758158225.533333,25,1758158221.939119,39,1758158223.433333,1.49,123.52,127.44,44.9,33.2,22.8,R 0.0,0.2,6324,270,R 11.9
16,43,1758158238.5,1758158243.3,43,1758158239.18952,65,1758158240.666667,1.48,132.91,122.54,41.7,32.6,25.3,R 1.3,1.4,7220,241,R 13.5
16,44,1758158255.933333,1758158259.4,33,1758158256.189189,51,1758158257.633333,1.44,137.57,123,44.9,37.6,13.5,L 5.9,-5.8,4192,-600,L 24.9
16,45,1758158272.233333,1758158276.5,55,1758158273.539884,83,1758158275,1.46,120.9,117.7,42,31.9,25.3,R 6.2,6.5,6959,634,R 35.9
16,46,1758158370.233333,1758158373.4,39,1758158370.773979,60,1758158372.233333,1.46,122.02,111.47,41.1,37.2,23,L 1.0,0.8,4330,433,R 12.9
16,47,1758158387.166667,1758158390.7,34,1758158387.472768,52,1758158388.9,1.43,134.03,127.03,44.1,33.2,25.1,L 1.6,-1.2,7237,197,R 4.2
16,48,1758158403.6,1758158407.733333,47,1758158404.472438,71,1758158405.966667,1.49,123.53,119,42.9,32.8,21.2,L 7.1,-6.2,6125,77,L 12.1
16,49,1758158420.266667,1758158424,39,1758158420.820202,59,1758158422.266667,1.45,139.07,127.96,4.51,32.8,22.9,L 2.9,-3.4,6852,166,L 2.3
16,50,1758158437.1,1758158441.433333,43,1758158437.870017,66,1758158439.3,1.43,131.54,120.92,43.3,32.2,23.2,L 2.3,-1.9,6677,199,R 2.7
16,51,1758158454.933333,1758158458.8,26,1758158454.769393,40,1758158456.266667,1.5,135.9,125.5,44.5,32.5,24.2,L 1.6,-1.3,7125,129,R 2.1
16,52,1758158471.633333,1758158476.766667,46,1758158472.52126,70,1758158473.966667,1.45,80.49,50.02,26.5,24.2,7.9,L 10.9,-10.5,3254,-397,L 16.6
16,53,1758158490,1758158494.233333,46,1758158490.874885,70,1758158492.333333,1.46,122.91,102.4,44.6,36.2,0.7,L 0.7,-8.1,3909,-517,L 24.2
16,54,1758158508.2,1758158512.533333,43,1758158508.927631,65,1758158510.366667,1.44,132.29,121.26,43.3,31.4,25.2,R 1.0,1.6,7173,365,R 17.9
16,55,1758158526.333333,1758158530.433333,48,1758158527.331402,73,1758158528.766667,1.44,125.39,114.5,41.9,37.6,23.2,R 0.6,0.6,6475,103,R 0.1
16,56,1758158545.466667,1758158550.166667,49,1758158546.487371,75,1758158547.966667,1.48,137.11,126.27,44.7,34.1,24.3,L 2.1,-1.5,7160,254,R 6.2
17,1,1761117123.687768,1761117128.924872,71,1761117127.611855,108,1761117127.290362,-0.32,123.62,112.81,41.8,36,23.5,R 1.0,0.5,5719,-49,R 0.2
17,2,1761117143.735622,1761117148.772541,52,1761117146.726916,79,1761117146.370846,-0.36,128.91,117.72,42.9,38.5,20.6,R 1.4,1.1,5957,91,R 7.0
17,3,1761117162.316902,1761117168.189762,54,1761117165.441662,82,1761117165.050625,-0.39,125.92,114.3,42,29.9,20.2,R 0.1,0.8,5665,496,R 17.1
17,4,1761117461.400305,1761117466.80525,40,1761117463.776725,61,1761117463.434433,-0.34,112.93,101.44,33.3,32.2,22.8,R 7.8,7.9,5726,671,R 31.5
17,5,1761117479.944741,1761117486.051978,64,1761117483.492259,96,1761117483.147397,-0.34,134.13,122.63,44,32.2,22.1,R 0.0,-0.2,6513,25,R 2.9
17,6,1761117509.565973,1761117515.870576,51,1761117512.465087,76,1761117512.134481,-0.33,122.73,112.07,41.4,33.5,21.7,R 2.0,1.7,6091,119,R 8.7
17,7,1761117529.446968,1761117537.087903,89,1761117534.282277,134,1761117533.916838,-0.37,131.06,119.07,42.8,32.4,25,R 3.8,3.9,7007,390,R 25.1
17,8,1761117554.531833,1761117562.570894,94,1761117559.652267,142,1761117559.268491,-0.38,128.5,117.96,42.9,32.1,23,R 0.0,-0.5,6520,-152,L 4.2
17,9,1761117582.018234,1761117587.989224,55,1761117585.172374,84,1761117584.820259,-0.35,126,113.1,41.8,33.6,21.4,L 1.4,-1.9,6052,-37,L 9.6
17,10,1761117604.701196,1761117612.506903,90,1761117609.591614,136,1761117609.237827,-0.35,129.09,118.33,42.8,31.4,25,R 2.6,1.7,7019,-79,R 3.5
17,11,1761117631.086939,1761117637.124649,54,1761117634.211012,82,1761117633.821426,-0.39,125.1,113.62,41.7,32.1,21.4,R 2.1,2.4,6027,454,R 23.1
17,12,1761117656.471931,1761117662.943107,71,1761117660.431672,108,1761117660.074414,-0.36,127.13,116,42.2,34.2,24.9,R 4.1,2.6,4029,120,R 14.3
17,13,1761117679.588597,1761117686.059987,63,1761117683.099532,95,1761117682.757569,-0.34,133.59,123.22,44.4,32.7,26.5,R 2.9,2.3,7628,73,R 11.9
17,14,1761117704.106339,1761117711.244828,77,1761117708.319403,115,1761117707.975827,-0.34,126.29,115.87,42.3,31.5,22.2,R 1.6,1.1,6309,0,R 4.2
17,15,1761117728.524818,1761117734.327265,67,1761117732.288289,100,1761117731.892901,-0.4,131.13,120.64,43.2,31.6,23.8,R 1.8,1.5,6768,75,R 8.0
17,16,1761118164.471651,1761118169.945853,50,1761118167.331065,76,1761118167.006696,-0.32,129.39,118.3,43.1,31.5,21.5,R 2.1,1.4,6241,-57,R 2.5
17,17,1761118187.054487,1761118194.659946,79,1761118191.40003,120,1761118191.057391,-0.34,-,-,-,-,-,-,-,-,-,-
17,18,1761119390.622618,1761119395.99314,47,1761119393.514992,75,1761119393.124182,-0.39,-,-,-,-,-,-,-,-,-,-
17,19,1761119410.837664,1761119416.107418,48,1761119413.764031,76,1761119413.372521,-0.39,-,-,-,-,-,-,-,-,-,-
17,20,1761119430.951735,1761119436.856028,54,1761119434.170039,85,1761119433.787132,-0.38,-,-,-,-,-,-,-,-,-,-
17,21,1761119454.36861,1761119460.306303,49,1761119457.349171,78,1761119456.970518,-0.38,-,-,-,-,-,-,-,-,-,-
17,22,1761119476.851583,1761119482.524745,48,1761119479.691134,76,1761119479.38672,-0.3,-,-,-,-,-,-,-,-,-,-
17,23,1761119500.101661,1761119506.072573,52,1761119503.082869,79,1761119502.736869,-0.35,-,-,-,-,-,-,-,-,-,-
17,24,1761119522.117022,1761119528.521335,55,1761119525.21252,83,1761119524.885586,-0.33,-,-,-,-,-,-,-,-,-,-
17,25,1761119544.433724,1761119549.739195,48,1761119547.327789,75,1761119546.970704,-0.36,-,-,-,-,-,-,-,-,-,-
17,26,1761119567.250313,1761119573.119788,53,1761119570.443255,84,1761119570.051355,-0.39,-,-,-,-,-,-,-,-,-,-
17,27,1761119590.466823,1761119596.270993,51,1761119593.67336,80,1761119593.135387,-0.54,-,-,-,-,-,-,-,-,-,-
17,28,1761119613.683584,1761119618.820604,51,1761119616.698998,80,1761119616.35213,-0.35,-,-,-,-,-,-,-,-,-,-
17,29,1761119755.621051,1761119760.922293,53,1761119758.695199,82,1761119758.35494,-0.34,127.64,116.05,42.6,32.2,20.7,R 2.9,2.3,5969,-46,R 4.7
17,30,1761119779.436463,1761119784.640265,47,1761119782.338658,78,1761119782.038352,-0.3,125.03,115.36,42.1,34.6,22.4,R 2.3,2.3,6336,226,R 13.5
17,31,1761119803.353716,1761119808.690899,41,1761119806.174601,73,1761119805.788816,-0.39,139.59,129.47,45.4,40.1,22.6,R 2.9,2.6,6781,140,R 16.7
17,32,1761119827.137554,1761119833.008542,42,1761119830.047464,75,1761119829.639339,-0.41,122.2,121.94,43.6,31.5,22.7,L 3.0,-2.9,6613,-24,L 10.2
17,33,1761119850.588817,1761119856.294112,42,1761119853.607985,79,1761119853.223173,-0.42,125.85,125.45,44.4,36.2,24.7,R 4.4,3.6,7200,43,R 13.0
17,34,1761119875.372468,1761119881.009085,-,-,77,1761119877.940507,-,136.9,126.31,44.6,33.9,23.8,R 3.9,3.3,7019,82,R 14.4
17,35,1761119899.389752,1761119905.660719,-,-,81,1761119902.091371,-,129.9,118,43.1,31.2,20.7,R 3.3,3,6033,179,R 14.4
17,36,1761119928.112569,1761119933.281275,-,-,74,1761119930.58023,-,129.6,118.23,42.7,32.7,22.5,R 2.0,2.5,6436,492,R 22.9
17,37,1761119956.831127,1761119960.80067,-,-,81,1761119959.533094,-,130.79,120.11,43.5,32.4,22.2,R 1.1,0.6,4472,-67,R 0.1
17,38,1761120053.100371,1761120057.503804,-,-,79,1761120055.735868,-,124.65,113.62,41.7,32.6,21.5,R 1.4,2.1,6051,476,R 19.3
17,39,1761120168.984215,1761120174.254658,-,-,77,1761120171.552746,-,132.13,120.21,43.4,33.1,23.1,L 0.6,-0.7,6439,37,R 1.4
17,40,1761120192.901529,1761120198.572219,-,-,77,1761120195.470017,-,125.6,114.9,42.2,32.2,21,R 0.5,0.3,6002,79,R 4.6
17,41,1761120217.018867,1761120222.956482,-,-,80,1761120219.687466,-,135.61,128.75,45.5,36.7,23.3,L 0.3,-0.9,6956,-125,L 5.3
17,42,1761120241.736699,1761120249.442239,-,-,81,1761120244.438641,-,123.39,127.59,44.9,35,22.6,R 3.8,3.3,6770,156,R 16.2
17,43,1761120264.753249,1761120270.95834,-,-,76,1761120267.288429,-,123.85,118.43,42.6,31.7,26.3,R 3.3,2.8,6530,91,R 12.2
17,44,1761120287.402899,1761120292.87355,-,-,72,1761120289.804658,-,123.93,126.63,45.3,33.7,20.3,L 2.3,-2.8,6199,-180,L 10.9
17,45,1761120310.188263,1761120315.790991,-,-,78,1761120312.789422,-,139.39,126.95,49.1,34,21.2,R 1.7,1.2,6427,74,R 7.4
17,46,1761120334.303458,1761120340.007637,-,-,75,1761120336.838591,-,133.51,125.96,44.6,32.2,18.5,R 0.5,1.1,5149,637,R 23.0
17,47,1761120358.054007,1761120363.757576,-,-,76,1761120360.588364,-,133.46,125.96,44.6,32.3,22.2,R 1.1,0.6,6633,-13,R 2.8
17,48,1761120380.768865,1761120384.406225,-,-,72,1761120383.172007,-,136.24,120.13,43.9,32,13.1,L 0.9,-0.3,4272,569,R 17.3
17,49,1761120409.257287,1761120415.195122,-,-,74,1761120411.725574,-,130.82,118.49,43,33,21.5,L 0.1,0,6234,187,R 7.1
17,50,1761120477.306682,1761120482.44371,-,-,73,1761120479.741769,-,140.52,131.06,46.4,32.7,20.5,L 1.0,-1.6,6271,-183,L 7.9
17,51,1761120500.156744,1761120505.795478,-,-,72,1761120502.558216,-,140.57,133.63,46.5,31.1,22.4,R 0.6,0.2,6772,13,R 4.1
17,52,1761120527.843036,1761120533.113517,-,-,74,1761120530.311449,-,133.13,121.44,43.4,34.5,23.9,R 2.0,1.6,4841,71,R 0.9
17,53,1761120551.960738,1761120557.697893,-,-,74,1761120554.429095,-,131.5,119.12,43.1,35.4,20.1,R 0.2,0,5960,74,R 4.2
17,54,1761120576.278012,1761120581.081456,-,-,76,1761120578.813185,-,127.12,117.03,42.3,33.6,24.6,R 0.7,0.7,6556,181,R 8.7
17,55,1761120597.893549,1761120602.396757,-,-,74,1761120600.361961,-,137.26,125.62,44.5,33,23.8,R 0.7,0.4,7011,72,R 6.0
17,56,1761120621.543546,1761120625.346742,-,-,75,1761120624.045162,-,134.04,128.26,45.3,31.2,23.1,L0.2,-0.3,7397,70,R 3.5
17,57,1761120648.730176,1761120654.135284,-,-,77,1761120651.298676,-,137.23,125.39,44.7,40,21.6,R 1.4,1,6492,39,R 6.7
17,58,1761120674.448515,1761120679.785928,-,-,77,1761120677.01646,-,137.9,125.72,44.5,32.4,21.8,R 2.2,1.7,6510,48,R 9.0
17,59,1761120703.769932,1761120709.277057,-,-,78,1761120706.371814,-,135.03,124.1,44.3,33.6,22.6,L 0.6,-1.1,6696,-123,L 5.6
17,60,1761120729.988807,1761120735.526224,-,-,85,1761120732.824283,-,131.59,119.45,63.5,33,18.8,L 2.2,-2.5,5234,-315,L 12.1
17,61,1761120755.774206,1761120760.94396,-,-,77,1761120758.342418,-,125.9,129.45,45.5,34.9,23.9,R 1.3,0.9,7110,55,R 7.0
17,62,1761120782.326573,1761120788.764641,-,-,85,1761120785.161965,-,136.06,121.63,43.9,37.5,17,L 2.2,-1.9,4526,94,L 1.0
17,63,1761120808.212312,1761120814.515053,-,-,81,1761120810.913544,-,131.2,120.39,41.4,31,22.1,R 2.5,2.2,6450,115,R 10.8
17,64,1761120832.062454,1761120837.899941,-,-,77,1761120834.630954,-,133.24,119.9,43,31.8,23,R 2.5,2.1,6593,83,R 10.1
17,65,1761120855.179089,1761120859.851642,-,-,75,1761120857.680891,-,134.6,126.01,45.1,34.1,21,L 0.5,-1,63.9,-146,L 5.5
17,66,1761120879.196369,1761120884.700622,-,-,79,1761120881.83135,-,133.43,121.3,43,33.4,21.6,L 1.1,-1.4,6377,-45,L 5.6
17,67,1761120907.216374,1761120912.620455,-,-,75,1761120909.717304,-,134.42,126.96,45,31.4,22.9,R 2.9,2.1,6926,-100,R 3.3
17,68,1761120933.268794,1761120938.372532,-,-,72,1761120935.670581,-,123.95,114.99,41.5,29.9,23.9,R 2.2,1.7,6546,64,R 0.4
17,69,1761121011.892235,1761121015.895059,-,-,69,1761121014.193864,-,130.67,116.29,42.5,33.9,18.3,L 0.9,-1,4741,5,L 2.2
17,70,1761121038.243479,1761121041.646914,-,-,72,1761121040.645827,-,121.3,96.77,43.5,37.1,6.9,L 2.4,-2.1,3416,146,L 0.9
17,71,1761121061.327819,1761121066.765061,-,-,74,1761121063.796232,-,125.96,113.22,42.2,32.6,21.7,L 0.3,-0.2,6171,162,R 5.1
17,72,1761121086.212415,1761121089.548095,-,-,77,1761121088.814247,-,104.71,103.26,39.9,23.4,23.6,R 13.2,13.1,6266,644,R 29.3
17,73,1761121108.762051,1761121113.735191,-,-,72,1761121111.163758,-,131.07,121.91,43.5,31,23.1,R 2.2,2,6607,146,R 11.7
17,74,1761121136.381874,1761121141.319705,-,-,71,1761121138.750221,-,129.86,112.13,43.4,32.4,13.1,L 1.6,-1.8,4146,-224,L 7.9
17,75,1761121157.530047,1761121162.033679,-,-,78,1761121160.132325,-,140.61,133.14,46.3,39,19.4,R 0.3,-0.4,6063,-244,L 5.8
17,76,1761121182.481865,1761121185.984356,-,-,81,1761121185.183794,-,101.03,97.47,33.5,31.6,21.9,R 17.0,16.5,5413,651,R 29.0
17,77,1761121202.630355,1761121207.803509,-,-,74,1761121205.098604,-,129.42,117.03,42,34.9,19.8,L 3.2,-3,5993,2,L 0.2
17,78,1761121227.04725,1761121232.017581,-,-,80,1761121229.715941,-,136.54,125.17,44.4,33.4,24.1,L 2.1,-2.2,7072,-3,L 6.2
17,79,1761121253.165952,1761121258.770103,-,-,74,1761121255.634216,-,126.48,114.94,42.2,32.3,23.1,L 1.0,-0.5,5603,422,R 12.5
17,80,1761121341.229645,1761121347.667622,-,-,75,1761121343.731444,-,129.51,110.65,42.7,37.1,2208,R 2.3,2,6500,119,R 10.3
17,81,1761121361.077304,1761121365.713131,-,-,74,1761121363.544821,-,136.24,124.23,44.6,34.4,20.9,L 0.2,-0.6,6239,-48,L 3.3
17,82,1761121383.259637,1761121388.03012,-,-,74,1761121385.727784,-,126.76,116.12,42.4,31.5,21.9,R 1.1,0.9,6227,87,R 6.4
17,83,1761121414.182272,1761121418.852284,-,-,73,1761121416.617335,-,123.96,123.53,44.4,34.5,22.1,L 0.0,-0.8,6083,111,R 2.9
17,84,1761121437.098824,1761121442.135715,-,-,75,1761121439.600568,-,123.4,113.26,41.7,32.1,22.1,L 2.1,-1.9,6179,72,L 1.6
17,85,1761121458.615088,1761121462.884222,-,-,75,1761121461.116512,-,129.56,117.81,42.8,31.9,22,R 1.0,0.7,6334,52,R 5.7
17,86,1761121485.132972,1761121490.837575,-,-,73,1761121487.56736,-,133.37,121.39,43.6,33.5,19.5,L 1.4,-0.3,5917,566,R 17.6
17,87,1761121528.898294,1761121533.935278,-,-,75,1761121531.400106,-,124.66,122.26,44.2,23.6,20.6,L 1.8,-2.2,6172,-177,L 9.2
17,88,1761121554.516802,1761121559.687069,-,-,73,1761121556.951847,-,133.03,132.47,46.4,34.1,22.9,R 2.0,1.3,6003,-54,R 2.2
17,89,1761121579.501501,1761121584.104833,-,-,72,1761121581.903228,-,125.7,114.92,42.1,30.8,21.7,R .21,1.5,616,40,R 7.6
17,90,1761121606.520988,1761121611.859447,-,-,75,1761121609.022808,-,134.73,122.69,44.2,37.8,21.8,R 1.6,1.9,6492,-104,R 0.3
17,91,1761121672.870264,1761121679.339875,-,-,74,1761121675.33804,-,131.18,119.1,43.2,32,21,R 1.6,1.2,6150,82,R 7.7
17,92,1761121695.385036,1761121699.58812,-,-,72,1761121697.786711,-,136.95,123.2,44.4,34.4,22.6,R 0.6,0.3,6607,52,R 5.0
17,93,1761121720.003451,1761121725.139269,-,-,73,1761121722.437952,-,136.04,119.64,32.6,37.4,16,L 4.0,-2.9,4366,812,R 12.4
17,94,1761121742.518711,1761121747.122362,-,-,75,1761121745.021325,-,137.61,129,43.6,33.7,21.3,R 1.6,1.3,6459,103,R 8.9
17,95,1761121763.9345,1761121769.138336,-,-,76,1761121766.469723,-,125.69,124.05,44.1,39.1,23.5,L 1.1,-1.1,6570,76,R 1.3
17,96,1761121790.554086,1761121795.955946,-,-,77,1761121793.121652,-,134.09,122.15,43.9,36.1,21.9,R 0.1,-0.1,6436,7,R 0.6
17,97,1761121814.704507,1761121819.74351,-,-,72,1761121817.105871,-,133.07,121.5,44,33.9,23.6,R 0.1,-0.3,6153,-93,L 3.2
17,98,1761121836.086591,1761121841.757313,-,-,74,1761121838.555002,-,126.15,124.56,64.5,36.7,21.2,R 1.9,1.6,6370,125,R 9.9
17,99,1761121861.104623,1761121866.47517,-,-,76,1761121863.639763,-,131.72,123.17,43.1,23.2,23.4,L 0.2,-0.2,6703,112,R 4.4
18,1,1761191506.817461,1761191509.352605,37,1761191508.349771,57,1761191508.718814,0.37,128.83,111.57,43.4,29.2,13.1,R 3.9,2.7,4149,-454,L 0.9
18,2,1761191528.533681,1761191533.769466,90,1761191532.676441,136,1761191533.069138,0.39,141.42,126.7,45,30.6,16.1,R 4.6,4,4409,121,R 13.8
18,3,1761191550.14874,1761191552.250266,31,1761191551.373799,47,1761191551.716546,0.34,148.3,133.15,47.2,33.5,19.4,R 2.9,1.7,4335,-501,L 6.4
18,4,1761191571.330705,1761191573.832445,39,1761191572.936075,60,1761191573.332098,0.4,140.83,123.89,46.3,32.2,13,R 4.3,2.8,4173,-598,L 4.3
18,5,1761191591.244959,1761191593.14631,26,1761191592.186311,40,1761191592.579237,0.39,150.02,135.04,47.3,33.6,19.1,R 7.9,6.5,4307,-278,R 11.5
18,6,1761191614.595237,1761191616.830191,33,1761191615.909841,51,1761191616.296488,0.39,136.04,117.43,45.8,31.5,11.3,R 2.9,1.8,4071,-477,L 3.9
18,7,1761191631.407335,1761191633.408789,27,1761191632.395684,42,1761191632.808353,0.41,163.7,147.97,49.7,35.2,14.9,R 7.9,6.8,4294,39,R 26.1
18,8,1761191648.821753,1761191650.922518,31,1761191649.937022,47,1761191650.388996,0.45,140.84,124.02,65.5,32.1,16.5,R 1.8,1.1,4254,-271,L 2.7
18,9,1761191666.698592,1761191668.733518,29,1761191667.779931,45,1761191668.199795,0.42,149.61,132.46,47.3,33.2,14.1,R 3.6,2.6,4233,-405,L 2.0
18,10,1761191683.678123,1761191685.779988,31,1761191684.868914,47,1761191685.246269,0.38,159.49,144.72,49.8,37,15.5,R 6.9,5.6,4353,-611,L 1.2
18,11,1761191826.481861,1761191828.582869,31,1761191827.684933,48,1761191828.082611,0.4,155.83,139.65,48.8,36.3,14.2,R 2.2,1,4247,-462,L 7.6
18,12,1761191845.794441,1761191847.929763,29,1761191846.883242,43,1761191847.261599,0.38,145.53,127,47.1,39.6,13.9,R 5.8,4.3,4224,-772,L 5.9
18,13,1761191861.242936,1761191863.243648,28,1761191862.241888,43,1761191862.676876,0.43,159.87,144.37,50.1,35.3,14.9,R 5.6,4.3,4276,-687,L 6.3
18,14,1761191874.483322,1761191876.851162,35,1761191875.882792,54,1761191876.283919,0.4,150.19,142.86,49.5,35.1,15.1,R 5.5,4.3,4315,-613,L 4.3
18,15,1761191888.79294,1761191890.727226,26,1761191889.725783,40,1761191890.126933,0.4,130.3,112.27,42.8,36,13.7,R 7.5,6.8,4173,434,R 20.2
18,16,1761191902.502856,1761191904.539245,33,1761191903.821383,49,1761191904.172352,0.35,152.33,136.12,69.1,33.73,13.9,R 1.4,0.5,4230,-399,L 7.3
18,17,1761191916.479121,1761191918.713678,31,1761191917.664373,48,1761191918.08,0.42,130.11,115.71,63.3,30.9,16.3,R 5.9,4.5,4326,-513,R 1.4
18,18,1761191929.924345,1761191932.892168,28,1761191930.951624,43,1761191931.358245,0.41,99.17,73.97,43,35,5.1,R 1.7,0.9,2811,-323,L 0.7
18,19,1761191946.336278,1761191948.3368,27,1761191947.320708,42,1761191947.736667,0.42,132.49,114.71,43.6,36.6,13.3,R 7.5,6.3,4164,-61,R 14.5
18,20,1761191960.846738,1761191962.580434,24,1761191961.668917,37,1761191962.08034,0.41,132.03,114.93,44.6,31.1,13,R 5.2,3.5,4162,-681,L 3.3
18,21,1761191975.123913,1761191977.258101,31,1761191976.269736,47,1761191976.691197,0.42,151.32,134.94,48.4,37.12,13.9,R 6.0,4.5,4220,-825,L 7.2
18,22,1761191990.599715,1761191992.734564,31,1761191991.779948,47,1761191992.167494,0.39,147.4,122,46.9,33.4,15.7,R 6.0,2.9,4369,-557,L 3.9
18,23,1761192014.916572,1761192017.485753,38,1761192016.434618,58,1761192016.851579,0.42,96.31,72.04,39.5,32.2,7.8,R 23.8,18.4,34.27,527,R 25.6
18,24,1761192028.861918,1761192031.264466,36,1761192030.328131,55,1761192030.69763,0.37,117.61,53.23,43,35.13,9.7,R 6.8,4.6,3731,-293,R 9.0
18,25,1761192043.670211,1761192046.241117,39,1761192045.282603,60,1761192045.674109,0.39,166.73,132.37,46.4,33.2,16.4,R 5.1,3.9,4459,-514,L 1.4
18,26,1761192057.947784,1761192060.483168,37,1761192059.479247,56,1761192059.84891,0.37,166.18,126.69,47.4,32.73,11.7,R 5.2,4.1,4098,-481,R 0.2
18,27,1761192083.666624,1761192086.735708,48,1761192085.750616,74,1761192086.135278,0.38,139.09,125.14,44.7,33.8,16.4,R 3.7,3,4491,-49,R 6.7
18,28,1761192111.820371,1761192114.288893,37,1761192113.335554,57,1761192113.721792,0.39,139.57,122.42,45.7,32,13.6,R 4.3,2.9,4203,-507,L 4.1
18,29,1761192127.965291,1761192130.533866,39,1761192129.553072,60,1761192129.966758,0.41,125.92,119.96,44,37.3,14.5,R 7.9,7.1,4239,299,R 27.1
18,30,1761192141.308706,1761192143.77652,38,1761192142.840322,58,1761192143.24294,0.4,141.77,126.03,45.3,32.2,15.3,R 1.9,1.4,4321,-13,R 4.7
18,31,1761192155.954782,1761192159.656267,46,1761192157.94636,70,1761192158.289056,0.34,141.35,125.62,45.9,32.4,14.9,R 4.4,3.1,4273,-572,L 3.9
18,32,1761192180.805153,1761192183.472571,38,1761192182.348421,59,1761192182.772384,0.42,106.26,87.03,40.4,27.5,10.1,R 3.1,2.3,3737,-224,R 2.4
18,33,1761192193.5121,1761192195.981962,37,1761192194.978887,56,1761192195.381633,0.4,123.37,124.97,44.5,33.5,17.2,R 6.0,5.7,4589,97,R 18.2
18,34,1761192217.99697,1761192221.032505,46,1761192219.936688,70,1761192220.332,0.4,129.6,113.6,42.9,36.2,14.2,R 3.4,3.1,4220,103,R 13.2
18,35,1761192232.273926,1761192234.843354,39,1761192233.880722,60,1761192234.276348,0.4,120.69,104.06,42,39.3,13.2,R 5.9,4.6,4130,-447,R 3.5
18,36,1761192253.288746,1761192255.923615,40,1761192254.897818,61,1761192255.323227,0.43,129.23,111.44,43,36.5,12.6,R 2.5,0.8,4125,-429,L 3.2
18,37,1761192266.699963,1761192269.368019,40,1761192268.336634,61,1761192268.734352,0.4,150.9,134.04,47.7,40.2,14.3,R 0.6,-0.2,4250,-251,L 0.0
18,38,1761192280.075486,1761192282.74467,40,1761192281.724927,61,1761192282.109565,0.38,146.31,129.57,47.3,34,13.1,R 5.4,4.2,4131,-520,L 0.5
18,39,1761192294.58514,1761192297.086274,37,1761192296.123659,57,1761192296.485992,0.36,133.67,118.4,43.9,37.4,13.3,R 1.3,0.5,4293,-304,L 2.9
18,40,1761192319.736955,1761192322.338833,40,1761192321.384591,61,1761192321.771747,0.39,137.68,115.84,43.8,37,14.4,R 3.9,2.9,4226,-417,L 0.5
18,41,1761192333.313486,1761192335.882109,38,1761192334.873929,57,1761192335.248253,0.37,143.33,127.56,46.1,32.6,15,R 3.1,1.6,4292,-463,L 6.4
18,42,1761192346.556257,1761192349.16085,40,1761192348.211701,61,1761192348.593143,0.38,163.1,128.67,46.2,32.9,15.8,R 3.3,2.2,4376,-647,L 5.7
18,43,1761192372.644886,1761192375.178365,38,1761192374.179939,58,1761192374.578361,0.4,120.2,124.06,45,32.2,16.5,R 0.2,6.5,4476,-520,R 5.5
18,44,1761192507.440106,1761192510.008002,39,1761192508.9832,59,1761192509.407718,0.42,128.57,122.41,43.3,30.4,14,R 2.9,1.7,4796,-433,L 2.7
18,45,1761192533.357673,1761192535.859438,38,1761192534.893785,58,1761192535.292372,0.4,136.43,122.23,44.6,31,16.6,R 3.1,2.2,4576,-333,L 0.7
18,46,1761192552.572805,1761192555.108366,37,1761192554.03855,57,1761192554.474789,0.44,137.49,122.33,44,31.5,16.3,R 6.3,5.4,4417,32,R 18.1
18,47,1761192569.48322,1761192571.951132,37,1761192570.978159,57,1761192571.384181,0.41,133.2,115,44.4,37.2,13.3,R 3.4,2.3,4976,-459,L 3.1
18,48,1761192586.798191,1761192589.332292,38,1761192588.318705,58,1761192588.732125,0.41,137.72,123.65,44.7,32.1,16.6,R 4.0,3,4403,-340,R 1.1
18,49,1761192605.212613,1761192607.814341,40,1761192606.811947,61,1761192607.247669,0.44,142.05,124.04,46,32.1,13.3,R 0.7,-0.2,4107,-330,L 6.2
18,50,1761192623.623684,1761192626.225201,39,1761192625.204954,60,1761192625.624844,0.42,150.24,135.23,47.6,40.2,15.7,R 3.0,2,4320,-426,L 4.2
18,51,1761192642.835034,1761192645.371211,37,1761192644.349719,57,1761192644.737556,0.39,123.2,106.81,42,29.5,14.2,R 2.4,1.3,4106,-378,L 2.2
18,52,1761192659.548602,1761192662.150469,39,1761192661.138976,60,1761192661.550031,0.41,137.03,116.2,43.3,36.6,14.9,R 3.9,3.4,4225,111,R 12.6
18,53,1761192677.363777,1761192679.964362,38,1761192678.88046,58,1761192679.297252,0.42,134.12,119.59,43.7,31.4,16.4,R 6.6,5.3,4448,-254,R 8.9
18,54,1761192713.087229,1761192715.62243,38,1761192714.66413,58,1761192715.021969,0.36,129.33,114.35,43.2,33.6,15.2,R 3.8,2.7,4204,-424,L 0.8
18,55,1761192728.832614,1761192731.467492,39,1761192730.400926,59,1761192730.800435,0.4,125.92,109.48,42.3,29.9,14.6,R 9.7,7.9,4211,-420,R 11.3
18,56,1761192745.111925,1761192747.746603,38,1761192746.638894,58,1761192747.046255,0.41,135.23,120.05,44.5,32.2,14.9,R 2.3,1.1,4271,-413,L 4.2
18,57,1761192761.62136,1761192764.22222,39,1761192763.227683,59,1761192763.588684,0.36,146.01,129.3,46.3,39,13.7,R 2.0,1.6,4210,102,R 9.2
18,58,1761192777.733793,1761192780.201762,36,1761192779.164948,55,1761192779.568088,0.4,99.01,75.23,41,33.4,7.1,R 9.2,-,-,-,-
18,59,1761192791.278141,1761192793.780784,37,1761192792.746705,57,1761192793.180657,0.43,140.07,122.03,45.5,31.8,13.9,R 0.8,-0.1,4193,-322,L 5.6
18,60,1761192817.162335,1761192819.864138,39,1761192818.757524,59,1761192819.163673,0.41,120.05,112.07,42.7,36.4,15.3,R 0.3,-0.2,4269,-267,L 4.7
18,61,1761192832.873733,1761192835.54224,41,1761192834.544438,62,1761192834.94183,0.4,142.65,123.02,45.5,32.6,15.5,R 3.4,2.5,4337,-339,L 0.4
18,62,1761192850.419521,1761192852.954681,37,1761192851.884984,56,1761192852.287537,0.4,127.55,113,42.4,35,14,R 6.6,5.3,4182,102,R 19.2
18,63,1761192866.69815,1761192869.265804,38,1761192868.273304,58,1761192868.632224,0.36,141.9,124.77,46.1,32.2,13.4,R 2.9,1.6,4195,-450,L 4.1
18,64,1761192883.709409,1761192886.243893,39,1761192885.186746,59,1761192885.676849,0.49,131.54,113.71,44.5,37,12.4,R 4.3,2.5,4124,-534,L 2.0
18,65,1761192940.451187,1761192943.053062,39,1761192941.958529,59,1761192942.419286,0.46,117.09,100.62,40.3,28.3,14.1,R 0.5,7.3,4147,67,R 10.7
18,66,1761192956.095765,1761192958.764323,41,1761192957.692279,62,1761192958.16391,0.47,111.65,96.95,30.8,27.5,15.4,R 17.3,16.4,4193,843,R 42.7
18,67,1761192971.376679,1761192973.909941,38,1761192972.874847,58,1761192973.309939,0.44,123.47,103.16,41.9,29.7,15.1,R 6.9,5.5,4243,-427,R 5.7
18,68,1761192987.718256,1761192990.252593,37,1761192989.209888,57,1761192989.619015,0.41,93.77,68.82,42.3,34.5,4.9,R 14.1,13.2,2740,1076,R 29.6
18,69,1761193003.797907,1761193006.399471,39,1761193005.344499,59,1761193005.765774,0.42,126.24,120.73,44.6,31.4,14.4,R 0.9,0.2,4243,-260,L 3.7
18,70,1761193035.819949,1761193038.421781,40,1761193037.463397,61,1761193037.854718,0.39,134.64,118.87,44,37.3,14.6,R 0.6,-0.4,4245,-107,L 1.9
18,71,1761193055.63378,1761193058.201361,39,1761193057.205747,59,1761193057.634507,0.43,130.59,122.53,45.3,32,14.5,R 3.1,2,4257,-517,L 5.0
18,72,1761193072.447955,1761193074.882389,36,1761193073.89154,55,1761193074.282116,0.39,135.37,120.07,44,37.4,14.9,R 1.5,1.2,4260,76,R 6.7
18,73,1761193088.558868,1761193091.126009,38,1761193090.126366,58,1761193090.492552,0.37,139.36,124.21,45.5,32.4,15.5,R 6.0,4.6,4345,-667,L 2.5
18,74,1761193106.005566,1761193108.706775,41,1761193107.663986,63,1761193108.106515,0.44,137.46,123.53,44.7,32.2,17.1,R 6.2,5,4503,-329,R 6.3
18,75,1761193134.290132,1761193136.89109,40,1761193135.924608,61,1761193136.324216,0.4,112.55,96.75,39.8,28,14.3,R 2.1,1,4148,-294,L 0.3
18,76,1761193153.905387,1761193156.507392,38,1761193155.41642,58,1761193155.840291,0.42,125.36,100.16,42.5,35.5,12.3,R 4.6,3.9,4315,1,R 13.9
18,77,1761193170.053081,1761193172.653444,38,1761193171.551031,58,1761193171.986755,0.44,133.49,113.19,44,31.2,15.1,R 1.5,0.3,4231,-379,L 5.0
18,78,1761193185.7949,1761193188.396455,37,1761193187.234674,56,1761193187.696039,0.46,141.7,127.17,45,32.6,15.3,R 2.5,1.4,4372,-479,L 5.9
18,79,1761193200.939363,1761193203.510746,38,1761193202.46735,58,1761193202.877192,0.41,141.01,124.3,45.7,32.2,14.3,R 4.3,2.9,4267,-530,L 3.0
18,80,1761193217.44972,1761193220.186108,42,1761193219.153143,64,1761193219.585673,0.43,134.53,118.9,44.2,37.4,14.5,R 1.3,0.5,4241,-258,L 2.9
18,81,1761193232.863589,1761193235.497693,39,1761193234.385819,60,1761193234.864182,0.48,127.04,111.37,42.5,30.1,15,R 3.8,2,4245,-316,R 1.6
18,82,1761193248.875808,1761193251.543684,40,1761193250.470322,61,1761193250.910112,0.44,140.75,125.2,44.4,33.2,16.1,R 4.3,4,4395,536,R 23.8
18,83,1761193264.784563,1761193267.452664,39,1761193266.354395,59,1761193266.752337,0.4,125.07,112.92,41.9,35.7,15.6,R 0.2,0.2,4204,96,R 4.2
18,84,1761193280.663225,1761193283.297397,40,1761193282.288576,61,1761193282.697223,0.41,147.7,131.56,47,33.1,14.2,R 0.6,-0.4,4246,-371,L 0.1
18,85,1761193296.308355,1761193298.978261,40,1761193297.922112,61,1761193298.34462,0.42,130.44,116.77,42.9,30.9,17.5,R 6.8,5.5,4591,-194,R 10.6
18,86,1761193311.918093,1761193314.587595,40,1761193313.555647,61,1761193313.953869,0.4,140.65,126.71,45.1,39,17,R 1.4,0.9,4576,-40,R 1.0
18,87,1761193330.434171,1761193332.968837,39,1761193331.995202,58,1761193332.401894,0.41,109.19,94.2,39.9,27.6,12.4,R 10.4,16.9,4053,994,R 42.5
18,88,1761193346.510599,1761193349.045096,39,1761193348.079706,59,1761193348.478156,0.4,135.03,119.98,43.93,37.4,15.9,R 1.3,0.9,4350,-141,L 0.9
18,89,1761193366.525542,1761193369.193842,40,1761193368.1227,61,1761193368.560122,0.44,140.01,126.99,45,33.9,17.2,R 0.3,0.1,4603,66,R 4.3
18,90,1761193383.203288,1761193385.80462,39,1761193384.758386,59,1761193385.17096,0.41,131.57,116.31,43.1,33.8,16.1,R 3.9,3.1,4365,-192,R 4.3
18,91,1761193398.781385,1761193401.349099,39,1761193400.341814,59,1761193400.748862,0.41,132.46,117.82,43.5,32.3,16.7,R 4.5,3.4,4461,-386,R 1.2
18,92,1761193414.592664,1761193417.126973,38,1761193416.125672,58,1761193416.526747,0.4,133.66,118.04,43.9,31.2,15.5,R 2.2,1.5,4315,-273,L 1.3
18,93,1761193430.605747,1761193433.10659,37,1761193432.059853,56,1761193432.473033,0.41,137.48,122.37,44.8,31.9,15.7,R 2.4,1.3,4257,-464,L 5.3
18,94,1761193446.685095,1761193449.286071,40,1761193448.244571,61,1761193448.719217,0.47,137.03,125.37,45.1,32.7,18,R 5.8,4.4,4793,-266,R 4.3
18,95,1761193462.228251,1761193464.797348,39,1761193463.777892,59,1761193464.197125,0.42,129.95,115.44,43.1,33.8,16.2,R 3.6,2.5,4372,-266,L 0.1
18,96,1761193478.239581,1761193480.808218,38,1761193479.76218,58,1761193480.174582,0.41,125.23,119.64,44.2,31.4,15.6,R 1.4,0.2,4311,-372,l5.3
18,97,1761193496.418677,1761193498.653603,32,1761193497.650553,49,1761193498.053169,0.4,125.16,113.89,41.7,35.8,16.2,R 2.9,2.5,4367,120,R 12.0
18,98,1761193511.863256,1761193514.364408,37,1761193513.334196,57,1761193513.764129,0.43,133.45,117.16,43.1,30.7,15.9,R 1.4,1,4337,14,R 5.3
18,99,1761193528.109726,1761193530.611148,37,1761193529.518914,55,1761193529.977454,0.46,125.02,111.3,42.1,33.2,16.6,R 3.0,2,4391,-344,L 0.7
18,100,1761193543.488437,1761193546.156047,41,1761193545.15245,62,1761193545.555935,0.4,131.34,116.43,43.5,32.4,16.3,R 6.0,-4.6,4397,-559,R 0.6
18,101,1761193558.897741,1761193561.532652,39,1761193560.48534,59,1761193560.86566,0.38,126.64,119.76,44,31.5,14,R 3.1,2,4220,-440,L 3.0
18,102,1761193574.408241,1761193576.809956,35,1761193575.718016,53,1761193576.176179,0.46,105.26,90.92,23.2,26.8,14,R 20.5,12.5,4079,899,R 43.9
18,103,1761193597.82542,1761193600.360292,38,1761193599.36875,58,1761193599.75991,0.39,137.04,120,44.7,31.4,14,L 0.9,-2.2,4219,-264,L 10.1
18,104,1761193613.26959,1761193615.771323,37,1761193614.751748,57,1761193615.170911,0.42,139.11,124.77,45,32.2,16.2,R 1.6,0.6,4424,-313,L 3.9
18,105,1761193628.348955,1761193630.84955,37,1761193629.845522,57,1761193630.249427,0.4,124.23,119.18,44.1,31.3,15.2,R 0.8,-0.3,4295,-343,L 5.8
18,106,1761193644.262232,1761193646.828818,38,1761193645.807357,59,1761193646.228823,0.42,139.41,123.55,45.1,32,15.6,R 2.2,1.1,4333,-423,L 5.3
18,107,1761193660.537115,1761193663.138886,40,1761193662.122777,60,1761193662.571832,0.45,142.51,127.8,45.9,33,16.3,R 6.8,5.3,4449,-551,R 1.7
19,1,1762391776.436195,1762391779.471688,37,1762391777.409391,57,1762391778.33756,0.93,138.24,121.64,45.1,31.6,13.5,R 1.3,0.7,4193,-202,L 1.8
19,2,1762391797.918244,1762391801.454066,47,1762391799.395282,71,1762391800.286574,0.89,134.74,118.74,44.3,31.2,14.2,R 0.6,-1.1,4223,-297,L 5.2
19,3,1762391831.142196,1762391834.311105,42,1762391832.298995,64,1762391833.277015,0.98,106.41,80.62,44.3,36.1,6,R 0.3,-1.9,3125,-362,L 3.8
19,4,1762391849.556166,1762391852.657847,39,1762391850.628917,60,1762391851.557247,0.93,139.66,126.66,45.3,32.7,17.3,R 1.6,0.6,4627,-322,L 4.2
19,5,1762391874.673678,1762391877.808943,39,1762391875.719876,59,1762391876.64155,0.92,132.86,114,45.3,37.2,10.7,R 0.1,-0.6,4033,-334,L 6.4
19,6,1762391896.08886,1762391899.12433,39,1762391897.154867,59,1762391898.056892,0.9,148.19,136.17,47.6,34.6,18.3,R 3.1,2.1,5082,-405,L 3.8
19,7,1762391918.705108,1762391921.673908,38,1762391919.691657,57,1762391920.639838,0.95,154.46,137.03,48.8,39,12.6,L 0.5,-1.4,4158,-385,L 11.4
19,8,1762391941.821789,1762391944.823865,38,1762391942.879509,58,1762391943.756453,0.88,135.47,117.08,45.6,31.4,11.5,R 2.9,1.1,4082,-485,L 4.0
19,9,1762391969.875247,1762391972.910784,39,1762391970.975374,60,1762391971.876682,0.9,152.31,139.85,48.2,35,18.2,R 0.1,-0.3,4991,-244,L 6.9
19,10,1762391987.18893,1762391990.0237,37,1762391988.103334,56,1762391989.05656,0.95,151.77,136.73,47.9,33.9,14.9,R 1.1,-0.1,4291,-369,L 7.2
19,11,1762392019.777779,1762392022.846679,39,1762392020.80672,59,1762392021.745889,0.94,145.89,130.81,46.4,33,15.5,L 0.8,-1.8,4347,-323,L 10.2
19,12,1762392038.291336,1762392041.226409,38,1762392039.336969,58,1762392040.225802,0.89,141.03,129.92,46,34,20.3,R 3.7,2.9,6239,-43,R 7.2
19,13,1762392057.104682,1762392060.106806,38,1762392058.117628,58,1762392059.039387,0.92,140.49,129.21,46,33.9,20,R 2.2,1.3,6151,-168,R 0.5
19,14,1762392080.221481,1762392083.190143,37,1762392081.205316,57,1762392082.122756,0.92,142.76,129.91,45.6,33.1,18,R 3.6,3.2,4789,185,R 16.4
19,15,1762392096.332558,1762392099.467156,40,1762392097.431805,61,1762392098.366718,0.93,147.74,132.39,47.1,33.3,14.6,R 0.3,-0.4,4268,-391,L 9.2
19,16,1762392119.249556,1762392122.117523,37,1762392120.269085,57,1762392121.150531,0.88,154.46,141.72,48.6,35.1,17.5,R 0.8,0,4702,-338,L 7.9
19,17,1762392137.764927,1762392142.033504,63,1762392139.951215,95,1762392140.933031,0.98,142.65,127.96,45.7,39.2,16.2,R 2.4,1.5,4428,-345,L 3.0
19,18,1762392163.180963,1762392166.383257,40,1762392164.290948,61,1762392165.21574,0.92,140.1,126.68,45.2,32.7,17.5,R 2.0,1.2,4674,-260,L 1.9
19,19,1762392183.095608,1762392185.963612,38,1762392184.123323,58,1762392185.029853,0.91,146.25,131.15,46.5,33,15.5,R 3.6,2.7,4348,-309,R 0.5
19,20,1762392204.911099,1762392207.813647,37,1762392205.908886,57,1762392206.812036,0.9,150.32,139.61,48.6,45.9,20.3,R 2.3,1.5,6297,-190,0.0
19,21,1762392226.726261,1762392229.728028,40,1762392227.844695,61,1762392228.760844,0.92,145.01,133.86,47.1,34.4,19,R 1.8,0.9,5746,-267,L 2.8
19,22,1762392252.945688,1762392255.980559,39,1762392253.987371,60,1762392254.946716,0.96,141.64,128.65,45.7,32.9,17.1,R 0.7,0,4594,-276,L 5.3
19,23,1762392274.69444,1762392277.563635,37,1762392275.672771,57,1762392276.595233,0.92,140.7,129.34,45.9,33.5,19,R 4.5,3.5,5717,-184,R 5.8
19,24,1762392295.075592,1762392298.011043,38,1762392296.056045,58,1762392297.010586,0.95,147.4,136,47.8,35.1,19.4,R 2.6,1.7,6110,-282,L 1.4
19,25,1762392316.491313,1762392319.325984,38,1762392317.541118,58,1762392318.425547,0.88,150.48,138.65,48.1,35,18.3,R 3.6,2.6,5150,-339,L0.9
19,26,1762392343.944313,1762392346.913112,37,1762392344.885756,57,1762392345.845684,0.96,156.73,143.98,49.1,35.5,17.6,R 0.6,-0.3,4727,-340,L 8.9
19,27,1762392370.730271,1762392374.366212,47,1762392372.180313,71,1762392373.098644,0.92,139.91,128.64,45.6,33.8,20.6,R 4.8,3.9,6286,-17,R 11.1
19,28,1762392397.149574,1762392401.51812,39,1762392398.172743,59,1762392399.117076,0.94,153.8,140.52,48.4,38.3,17.1,R 0.5,-0.4,4624,-365,L 9.5
19,29,1762392418.764725,1762392421.999122,39,1762392419.808061,60,1762392420.765375,0.96,146.05,130.94,46.4,39.7,16,R 2.4,1.6,4394,-362,L 3.7
19,30,1762392442.814862,1762392445.884353,37,1762392443.74714,56,1762392444.682786,0.94,152.54,139.67,48.2,34.7,17.1,R 0.6,-0.1,4617,-353,L 8.7
19,31,1762392463.897307,1762392466.932789,40,1762392464.981805,61,1762392465.932093,0.95,141.87,129.6,46.1,33.4,17.9,R 3.7,2.7,4767,-385,L 1.2
19,32,1762392498.989096,1762392501.991336,39,1762392500.039033,59,1762392500.990611,0.95,147.42,135.72,47.3,41.2,18.2,R 3.6,2.7,5028,-256,R 1.7
19,33,1762392520.238571,1762392523.240716,37,1762392521.223615,57,1762392522.140275,0.92,155.01,142.01,48.9,35.1,16.7,R 2.2,1.2,4546,-425,L 7.0
19,34,1762392545.755609,1762392548.791168,39,1762392546.76531,59,1762392547.724025,0.96,151.94,141.14,49.2,41.8,20.2,R 4.0,1.8,6279,-351,L 0.4
19,35,1762392566.27095,1762392569.106346,38,1762392567.248748,58,1762392568.205673,0.96,154.83,144,49.2,36.9,22.2,R 3.7,3.1,6804,77,R 15.7
19,36,1762392586.083559,1762392589.054,40,1762392587.181286,61,1762392588.119991,0.94,150.8,139.55,48.6,35.6,19.3,R 1.8,1.1,6052,-215,L 1.7
19,37,1762392604.931484,1762392607.833736,36,1762392605.811699,55,1762392606.765706,0.95,147.68,136.76,47.7,35.3,20.5,R 3.1,2.4,6323,-30,R 6.1
19,38,1762392624.112454,1762392627.148063,39,1762392625.143257,59,1762392626.080631,0.94,160.49,149.12,50.5,37.5,21,R 3.7,3.1,6537,52,R 15.6
19,39,1762392643.325418,1762392646.328544,40,1762392644.424732,61,1762392645.361193,0.94,152.86,142.02,48.6,36.1,21.2,R 4.3,3.5,6524,55,R 16.3
19,40,1762392662.507522,1762392665.443128,38,1762392663.555963,58,1762392664.442579,0.89,152.02,140.38,48.6,35.6,19.1,R 2.5,1.6,5878,-290,L 2.3
19,41,1762392684.056184,1762392686.991307,37,1762392685.041035,57,1762392685.957362,0.92,153.34,140.21,48.3,34.9,17.5,R 1.6,0.7,4708,-360,L 6.5
19,42,1762393891.891272,1762393894.693429,38,1762393892.891624,58,1762393893.826101,0.93,153.34,140.21,48.3,34.9,17.5,R 1.6,0.7,4708,-360,L 6.5
19,43,1762393905.001735,1762393907.903443,39,1762393906.016642,59,1762393906.969532,0.95,137.9,126.3,45,33,19.5,R 4.7,4,6098,98,R 15.8
19,44,1762393926.615751,1762393929.684898,40,1762393927.707987,61,1762393928.650162,0.94,145.64,134.5,47.4,35,20.3,R 3.9,2.3,6258,-274,R 2.0
19,45,1762393952.134649,1762393955.203493,39,1762393953.206589,59,1762393954.102718,0.9,142.2,129.92,45.8,39.8,17.8,R 1.8,1.4,4751,-26,R 2.6
19,46,1762393975.751612,1762393978.720371,38,1762393976.801563,57,1762393977.686312,0.88,124.86,107.76,43.3,30,12.3,R 3.9,2.6,4097,-500,L 1.4
19,47,1762393992.365713,1762393995.366277,38,1762393993.383169,58,1762393994.299406,0.92,143.6,132.21,46.5,38.9,19.2,R 3.6,2.7,5927,-207,R 3.0
19,48,1762394009.909495,1762394012.811299,38,1762394010.916588,58,1762394011.844022,0.93,151.94,138.7,47.5,34.2,17.3,R 3.3,2.8,4657,99,R 13.7
19,49,1762394028.589647,1762394031.691869,39,1762394029.6523,59,1762394030.55772,0.91,142.17,128.68,45.7,33,17.4,R 0.9,0.1,4669,-308,L 5.7
19,50,1762394047.60301,1762394050.671594,39,1762394048.638489,58,1762394049.571001,0.93,140.67,129.15,46,33.8,19.5,R 3.8,2.9,6204,-202,R 3.8
19,51,1762394072.721292,1762394075.823615,40,1762394073.786423,61,1762394074.75613,0.97,142.5,130.54,46,33.4,18.1,R 4.7,3.7,4856,-173,R 6.6
19,52,1762394101.542089,1762394104.577576,39,1762394102.591327,59,1762394103.510154,0.92,128.34,112.64,42.8,30.2,14.4,R 3.6,2.7,4209,-129,R 4.4
19,53,1762394116.953083,1762394119.888292,38,1762394117.970641,58,1762394118.887659,0.92,142.62,127.96,46,32.7,15.5,R 3.3,2.4,4339,-444,L 3.3
19,54,1762394134.799702,1762394137.934224,39,1762394135.85473,60,1762394136.800469,0.95,133.76,122.75,44.5,32.8,20,R 4.7,3.4,6056,-267,R 4.5
19,55,1762394164.387335,1762394167.589606,39,1762394165.461162,60,1762394166.388758,0.93,140.66,127.09,45.3,32.5,16.7,R 3.2,2.5,4516,-146,R 3.4
19,56,1762394186.2358,1762394189.604315,38,1762394187.252698,58,1762394188.169943,0.92,139.87,128.57,45.9,33.7,19.6,R 3.4,2.5,6263,-232,R 2.3
19,57,1762394205.018344,1762394208.153167,39,1762394206.088601,60,1762394207.019292,0.93,141.94,130.99,46,34.2,21.2,R 5.6,4.8,6451,80,R 18.9
19,58,1762394225.998282,1762394229.300676,41,1762394227.1788,63,1762394228.099747,0.92,139.51,126.94,45.4,33,18.2,R 2.1,1.2,4942,-344,L 3.8
19,59,1762394248.047546,1762394251.183073,39,1762394249.120623,60,1762394250.048922,0.93,140.36,129.15,45.8,33.8,20.2,R 4.8,3.9,6197,-55,R 9.8
19,60,1762394275.867215,1762394279.069101,40,1762394276.973713,60,1762394277.901721,0.93,143.18,129.17,46,33.1,16.7,R 3.0,2,4524,-355,L 2.0
19,61,1762394300.185035,1762394303.320583,38,1762394301.169832,58,1762394302.119733,0.95,149.81,135.69,47.3,33.9,16.4,R 2.1,1.2,4482,-338,L 4.2
19,62,1762394326.203881,1762394329.205195,38,1762394327.26958,58,1762394328.138063,0.87,133.36,119.66,43.5,31.4,17.4,R 4.7,3.8,4601,-100,R 7.7
19,63,1762394343.917172,1762394346.919037,38,1762394344.903191,58,1762394345.851719,0.95,136.93,125.97,45.2,33.2,19.7,R 4.8,3.8,6320,-202,R 6.3
19,64,1762394363.598412,1762394366.600496,39,1762394364.640812,59,1762394365.565988,0.93,136.84,125.51,45.1,32.9,18.6,R 4.6,3.5,5295,-370,R 1.5
19,65,1762394385.246628,1762394388.248137,39,1762394386.332158,59,1762394387.214285,0.88,150.82,138.3,48,38.1,18.3,R 3.1,2.2,5081,-330,L 1.8
19,66,1762394408.163036,1762394411.264898,39,1762394409.27589,60,1762394410.164218,0.89,140.38,129.26,46,33.9,19.9,R 3.3,2.5,6495,-167,R 3.3
19,67,1762394436.349048,1762394439.450117,40,1762394437.479648,61,1762394438.383078,0.9,140.86,128.34,45.7,33.2,18.1,R 3.7,2.7,4887,-320,R 0.6
19,68,1762394462.401706,1762394465.403897,38,1762394463.42911,58,1762394464.336469,0.91,142.54,131.61,46.4,34,19.3,R 2.2,1.4,5970,-235,L 1.0
19,69,1762394487.118726,1762394490.021628,37,1762394488.076089,57,1762394489.020933,0.94,146.08,132.49,46.4,33.4,17.2,R 3.3,2.6,4629,-157,R 3.5
19,70,1762394512.136842,1762394515.506496,39,1762394513.173927,59,1762394514.105469,0.93,142.5,131.75,46.3,34.5,21.4,R 3.6,2.6,6510,-198,R 3.2
19,71,1762394534.487594,1762394537.35566,37,1762394535.416323,56,1762394536.354778,0.94,150.51,139.35,48.2,35.4,19.8,R 2.4,1.7,6506,-124,R 1.7
19,72,1762394579.986412,1762394582.788392,37,1762394580.953119,57,1762394581.887747,0.93,147.76,136.6,47.8,35.5,21.1,R 2.9,1.9,6489,-189,R 1.6
19,73,1762394598.497916,1762394601.401653,39,1762394599.538544,58,1762394600.467637,0.93,149.03,137.91,48,35.6,21.1,R 3.6,2.8,6477,-66,R 6.4
19,74,1762394619.112995,1762394622.015902,38,1762394620.127789,58,1762394621.048743,0.92,148.79,137.87,47.7,35.6,21.5,R 4.1,3.3,6586,-44,R 8.7
19,75,1762394637.363479,1762394640.164629,37,1762394638.31245,56,1762394639.230882,0.92,139.52,128.4,45.5,39.8,18.6,R 3.8,3,5336,-139,R 4.9
19,76,1762394654.739547,1762394657.675012,39,1762394655.745679,59,1762394656.707185,0.96,139.53,128.96,45.9,33.9,20.3,R 4.0,3.1,6225,-188,R 4.6
19,77,1762394674.955944,1762394677.957243,39,1762394675.984255,60,1762394676.956968,0.97,146.81,135.76,47.6,35.2,20.4,R 2.6,1.7,6305,-177,R 1.3
19,78,1762394697.504185,1762394700.406283,37,1762394698.477129,57,1762394699.405565,0.93,151.09,136.2,47.6,33.9,15.7,R 0.5,-0.3,4372,-403,L 9.9
19,79,1762394719.28648,1762394722.221884,39,1762394720.368856,59,1762394721.254533,0.89,137.2,121.7,44.6,38,15.2,R 2.9,2.1,4304,-299,L 0.4
19,80,1762394743.304369,1762394746.272258,39,1762394744.364593,60,1762394745.305185,0.94,150.63,137.83,47.9,34.7,17.8,R 2.9,2,4761,-329,L 2.2
19,81,1762394768.722642,1762394771.657124,37,1762394769.712909,57,1762394770.623362,0.91,150,134.8,47.4,33.7,15.6,R 2.2,1.2,4364,-432,L 6.4
19,82,1762394790.637129,1762394793.673494,37,1762394791.604636,57,1762394792.539132,0.93,149.02,136.89,47.5,34.5,17.9,R 2.9,2.1,4795,-182,R 1.9
19,83,1762394829.165499,1762394832.134308,38,1762394830.17816,58,1762394831.100226,0.92,141.63,130.15,45.7,39.1,18.8,R 2.3,1.8,5454,3,R 6.7
19,84,1762394847.979922,1762394851.015675,38,1762394848.963967,58,1762394849.914169,0.95,150.51,139.53,48.3,35.5,19.8,R 3.2,2.4,6521,-189,R 2.4
19,85,1762394867.492122,1762394870.628541,39,1762394868.501206,59,1762394869.461243,0.96,149.29,138.13,47.6,38.4,19.8,R 2.1,2,6503,252,R 17.2
19,86,1762394887.208941,1762394890.076254,37,1762394888.188732,57,1762394889.109369,0.92,-,-,-,-,-,-,-,-,-,-
19,87,1762395009.394964,1762395012.329883,38,1762395010.421717,58,1762395011.329329,0.91,136,121.48,44.5,31.7,15.6,R 3.8,2.8,4342,-345,R 0.6
19,88,1762395027.708615,1762395030.676584,38,1762395028.706569,58,1762395029.642808,0.94,142.06,130.96,46.5,34.5,20.9,R 3.9,2.5,6395,-288,R 1.7
19,89,1762395049.724287,1762395052.859493,37,1762395050.748583,57,1762395051.625429,0.88,150.81,137.53,47.8,34.3,16.8,R 1.4,0.6,4547,-350,L 6.4
19,90,1762395075.742475,1762395079.012166,40,1762395076.848331,61,1762395077.778179,0.93,141.84,129.53,45.8,33.4,18.5,R 1.5,0.8,5230,-196,L 1.7
19,91,1762395099.393267,1762395102.228049,37,1762395100.343114,57,1762395101.294242,0.95,148.35,137,47.7,34.9,19,R 3.7,2.9,5732,-124,R 5.1
19,92,1762395121.576785,1762395124.478392,37,1762395122.585509,57,1762395123.477849,0.89,140.99,130.15,46.2,34.2,20.5,R 4.3,3.3,6281,-200,R 5.0
19,93,1762395154.83323,1762395157.801994,38,1762395155.848912,58,1762395156.767941,0.92,142.18,131.27,46.4,34.2,20.1,R 2.5,1.9,6181,-57,R 3.7
19,94,1762395178.250915,1762395181.418875,39,1762395179.343694,60,1762395180.251715,0.91,145.18,133.5,46.6,33.9,18.3,R 3.2,2.5,5054,-71,R 5.1
19,95,1762395200.632947,1762395203.701716,39,1762395201.686281,60,1762395202.634314,0.95,144.52,131.07,46.3,33.4,17.1,R 3.7,2.7,4603,-317,R 0.6
19,96,1762395223.583005,1762395226.71721,39,1762395224.680109,60,1762395225.583317,0.9,140.72,124.96,45.5,38.6,14.6,R 3.2,2.4,4260,-303,R 0.1
19,97,1762395244.365635,1762395247.400523,39,1762395245.469735,60,1762395246.366791,0.9,144.98,130.49,46.2,33,16,R 3.6,2.7,4396,-265,R 1.7
19,98,1762395271.683875,1762395274.786154,38,1762395272.72168,58,1762395273.618654,0.9,149.11,136.4,47.1,34,17.6,R 2.0,1.5,4714,-22,R 3.0
19,99,1762395299.904274,1762395303.006493,38,1762395300.875342,58,1762395301.838979,0.96,144.98,130.98,46.5,40,16.6,R 2.5,0.5,4506,-417,L 4.8
19,100,1762395322.420971,1762395325.690091,40,1762395323.518502,61,1762395324.456675,0.94,133.3,122.58,44.3,32.9,20.9,R 2.3,1.4,6261,-172,R 0.8
19,101,1762395348.972894,1762395351.841614,36,1762395349.918823,55,1762395350.807574,0.89,146.33,135.42,47.5,35.1,20.4,R 2.1,1.4,6297,-144,R 0.5
19,102,1762395373.75732,1762395376.859562,39,1762395374.766184,59,1762395375.725382,0.96,155.45,144.24,49.6,36.5,19.8,R 2.9,1.9,6520,-250,L 0.4
20,1,1761020508.598341,1761020512.889341,-,-,54,1761020510.429968,-,128.32,107.01,48.05,33.53,5.4,L 0.6,-0.5,2924,119,R 2.4
20,2,1761020526.525341,1761020530.635341,-,-,45,1761020528.042528,-,143.07,130.35,45.44,35.64,17.5,R 1.3,1.5,4396,440,R 23.4
20,3,1761020543.685341,1761020548.585341,-,-,77,1761020546.255392,-,155.25,141.32,49.02,34.63,16.7,R 1.4,1.4,4397,165,R 11.9
20,4,1761020561.935341,1761020566.115341,-,-,54,1761020563.766846,-,155.34,162.71,43.23,35.05,13.1,R 3.1,2.9,6544,248,R 19.8
20,5,1761020580.275341,1761020585.485341,-,-,77,1761020582.850973,-,149.07,137.07,47.3,35.11,22.1,R 1.0,1.1,5132,318,R 13.5
20,6,1761020600.605341,1761020605.185341,-,-,67,1761020602.863958,-,153.84,141.72,48.35,33.99,19.4,R 0.4,0,4676,-128,L 3.7
20,7,1761020618.585341,1761020622.955341,-,-,57,1761020620.509019,-,149.82,128.47,47.54,36.22,22.3,R 1.6,1.5,5280,176,R 13.0
20,8,1761020637.473341,1761020643.000341,-,-,97,1761020640.723975,-,150.23,13906,47.95,38.02,22.7,R 1.3,1,5630,56,R 0.2
20,9,1761020656.695341,1761020660.965341,-,-,54,1761020658.503563,-,142.02,130,45.76,40.25,19.4,L 0.6,-1,4576,-123,L 5.6
20,10,1761020674.995341,1761020678.475341,-,-,43,1761020676.449751,-,148.06,135.04,46.35,36.27,20.9,R 0.4,0.1,4349,3,R 1.4
20,11,1761020692.805341,1761020696.875341,-,-,54,1761020694.629839,-,150.37,138.6,47.62,28.27,20,L 0.0,-0.3,4693,-23,L 2.7
20,12,1761020711.465341,1761020715.135341,-,-,42,1761020712.877911,-,157.01,144.63,40.43,30.77,20.4,L 0.8,-0.8,4334,92,R 3.3
20,13,1761020730.095341,1761020734.525341,-,-,66,1761020732.323406,-,146.53,133.91,44.56,39.8,18.7,R 0.7,0.2,4543,-149,L 3.3
20,14,1761020808.801341,1761020813.513341,-,-,73,1761020811.248576,-,146.62,132.3,46.31,33.34,16.5,R 0.5,0.1,4355,-90,L 2.3
20,15,1761020826.545341,1761020831.045341,-,-,53,1761020828.327272,-,154.03,142.76,40.43,26.06,21.4,R 0.3,0.3,4907,150,R 0.6
20,16,1761020844.275341,1761020848.285341,-,-,65,1761020846.47262,-,160.37,140.52,50.04,40.6,19.8,R 0.2,-0.1,4380,-23,L 2.4
20,17,1761020862.581341,1761020867.399341,-,-,76,1761020865.119886,-,156.87,144.93,40.77,34.49,19.8,R 1.1,0.8,4732,27,R 6.7
20,18,1761020880.435341,1761020885.065341,-,-,74,1761020882.932267,-,151,140.13,43.06,40.3,21.2,L 0.0,-0.4,4771,-197,L 6.2
20,19,1761020900.206341,1761020904.697341,-,-,59,1761020902.181644,-,152.85,140.65,47.96,36.19,19.7,L 0.7,-0.9,4406,-73,L 5.6
20,20,1761020918.875341,1761020922.985341,-,-,54,1761020920.69268,-,155.45,143.23,43.68,40.54,18.8,L 1.1,-1.4,4633,-223,L 9.8
20,21,1761020936.825341,1761020941.735341,-,-,62,1761020938.906823,-,159.03,147.97,49.67,23.69,21.8,R 2.1,2.1,5397,236,R 24.2
20,22,1761020955.245341,1761020959.825341,-,-,66,1761020957.453193,-,160.07,134.99,46.4,33.69,17.9,R 0.2,0,4459,93,R 5.1
20,23,1761020973.045341,1761020977.075341,-,-,63,1761020975.165292,-,167.27,155.26,51.25,37.4,20.2,L 0.4,-0.6,4580,5,L 1.1
20,24,1761020993.925341,1761020998.475341,-,-,66,1761020996.147109,-,147.06,131.94,46.65,39.56,14.8,L 0.7,-0.9,4260,-76,L 4.9
20,25,1761021013.775341,1761021017.745341,-,-,58,1761021015.729317,-,156.83,162.49,48.09,36.65,20.8,R 2.4,2.3,4523,254,R 19.1
20,26,1761021031.115341,1761021034.925341,-,-,61,1761021033.173827,-,157.61,144.82,49.22,39.69,17.4,L 0.7,-1.1,4516,-283,L 10.4
20,27,1761021049.625341,1761021053.625341,-,-,66,1761021051.854159,-,155.23,163.29,42.41,23.54,18.9,R 1.1,1,4426,161,R 10.7
20,28,1761021068.095341,1761021072.125341,-,-,66,1761021070.300587,-,157.17,145.26,43.87,40.77,19.7,L 0.3,-0.4,4721,25,R 2.4
20,29,1761021086.555341,1761021090.945341,-,-,65,1761021088.748177,-,152.24,139.9,47.63,37.42,21,R 1.8,1.4,4571,-18,R 2.8
20,30,1761021104.055341,1761021107.925341,-,-,64,1761021106.193324,-,168.25,155.36,51.32,37.4,17.1,R 0.2,0,4523,-3,R 0.6
20,31,1761021121.595341,1761021125.905341,-,-,75,1761021124.106093,-,157.16,163.33,48.74,42.1,17,L 0.3,-0.8,4461,-26.3,L 8.6
20,32,1761021140.275341,1761021144.055341,-,-,54,1761021142.085782,-,156.75,163.92,48.6,35.91,23.4,L 0.8,-1.6,4394,-309,L 12.1
20,33,1761021159.805341,1761021164.125341,-,-,64,1761021161.967058,-,143.72,125.95,46.24,34.29,20.5,R 2.0,1.9,4325,250,R 16.6
20,34,1761021188.665341,1761021191.985341,-,-,54,1761021190.487247,-,163.69,151.35,50.44,39.75,17.5,L 0.3,-0.7,4550,-214,L 8.0
20,35,1761021205.785341,1761021209.765341,-,-,60,1761021207.799724,-,161.49,149.85,50.21,37.49,21,L 0.0,-0.2,4981,49,R 4.4
20,36,1761021223.915341,1761021227.955341,-,-,74,1761021226.413209,-,156.25,165,49.54,38.33,21.7,L 0.2,-0.8,5292,-218,L 7.9
20,37,1761021241.735341,1761021246.335341,-,-,75,1761021244.259209,-,147.6,134.92,46.54,40.71,18.6,R 2.0,1.6,4535,73,R 9.3
20,38,1761021259.685341,1761021263.435341,-,-,58,1761021261.639113,-,157.09,165.79,50.27,36.09,23.3,R 1.0,0.5,6124,-93,L 1.2
20,39,1761021278.515341,1761021282.745341,-,-,77,1761021281.085984,-,159.63,142.37,50.26,37.89,22.4,R 0.2,0.2,5773,142,R 8.6
20,40,1761021297.045341,1761021302.395341,-,-,-,-,-,158.75,146.45,49.29,35.57,18.9,L 1.0,-1.2,4665,-55,L 6.6
20,41,1761021316.265341,1761021320.325341,-,-,-,-,-,154.77,123.5,49.4,40.48,13.4,L 1.0,-1.4,4216,-277,L 10.1
20,42,1761021334.375341,1761021338.685341,-,-,-,-,-,164.68,152.51,50.4,36.47,19.3,L 0.2,-0.4,4732,-11,L 1.2
20,43,1761021356.315341,1761021361.375341,-,-,-,-,-,150.35,133.13,47.2,30.78,20,R 0.6,0.5,4687,100,R 6.9
20,44,1761021375.915341,1761021380.745341,-,-,-,-,-,159.59,147.05,49.22,36.53,20.5,R 1.3,1.1,4551,107,R 9.8
20,45,1761021394.995341,1761021399.905341,-,-,-,-,-,160.19,149.17,51.01,39.56,23.1,L 1.4,-1.3,6163,132,R 3.2
20,46,1761021414.895341,1761021419.765341,-,-,-,-,-,164.1,152.04,50.91,37.46,19.8,L 0.8,-1,4737,-64,L 6.7
20,47,1761021433.135341,1761021438.065341,-,-,-,-,-,153.09,147.31,49.05,36.63,21.6,R 1.3,1,5300,34,R 7.9
20,48,1761021452.075341,1761021457.195341,-,-,97,1761021455.311541,-,150.34,139.3,48.3,36.2,23.4,R 1.4,1.2,4063,108,R 9.9
20,49,1761021472.485341,1761021476.905341,-,-,81,1761021475.193019,-,153.87,146.48,48.83,36.47,23.3,L 0.1,0.1,4391,214,R 10.9
20,50,1761021491.755341,1761021496.625341,-,-,97,1761021495.007745,-,160.74,147.83,49.77,37.38,17.8,L 1.0,-1.2,4574,-185,L 9.1
20,51,1761021510.635341,1761021515.905341,-,-,96,1761021513.854369,-,150.06,143.91,43.7,32.67,16.1,R 0.4,0.1,4377,24,R 4.1
20,52,1761021533.825341,1761021538.825341,-,-,106,1761021537.370768,-,156.9,144.2,48.9,43,19.5,R 0.2,-0.2,4702,-216,L 6.4
20,53,1761021561.765341,1761021567.555341,-,-,123,1761021565.891426,-,165.24,152.6,50.62,37.48,18.3,L 0.5,-0.5,4636,110,R 5.1
20,54,1761021583.175341,1761021588.285341,-,-,100,1761021586.540906,-,164.55,152.33,51,40,19.9,L 0.7,-1,4797,-195,L 9.1
20,55,1761021601.775341,1761021606.575341,-,-,103,1761021605.221571,-,162.49,150.26,50.55,40.51,22.8,L 1.1,-1.4,4071,-224,L 10.9
20,56,1761021675.115341,1761021679.865341,-,-,88,1761021678.072268,-,167.79,155.36,51.43,37.6,20.5,L 1.2,-1.4,4737,-137,L 9.6
20,57,1761021693.085341,1761021697.905341,-,-,104,1761021696.585533,-,160.05,149.06,50.32,36.05,21.6,R 0.4,0.2,5356,23,R 5.4
20,58,1761021710.945341,1761021715.385341,-,-,97,1761021714.196941,-,161.99,149.18,50.14,35.63,17.9,L 0.5,-0.9,4590,-254,L 9.7
20,59,1761021729.105341,1761021733.495341,-,-,91,1761021732.14464,-,140.71,147.04,49.68,35.86,16.9,R 0.7,-0.1,4476,-334,L 0.7
20,60,1761021747.255341,1761021752.055341,-,-,98,1761021750.524332,-,159.63,147.16,49.52,34.97,23.3,R 2.1,1.2,4464,-278,L 6.7
20,61,1761021764.415341,1761021769.135341,-,-,100,1761021767.770155,-,158.04,147.42,50.3,45.24,22.2,R 0.8,0.4,5682,-71,L 1.9
20,62,1761021782.695341,1761021787.645341,-,-,114,1761021786.516998,-,163.36,150.91,50.31,42.3,20.4,R 0.7,0.3,4633,-23,L 1.1
20,63,1761021802.165341,1761021806.585341,-,-,98,1761021805.464087,-,142.66,151.05,51.07,36.37,22.3,R 1.2,1.1,5763,126,R 11.6
20,64,1761021820.585341,1761021825.305341,-,-,101,1761021823.977288,-,156.69,145.79,50.06,36.94,23.1,L 0.1,-0.1,6152,117,R 6.7
20,65,1761021840.305341,1761021845.065341,-,-,107,1761021843.89158,-,162.23,149.07,49.73,31.02,18.3,R 0.6,0.6,4617,169,R 10.6
20,66,1761021858.755341,1761021863.875341,-,-,107,1761021862.3384,-,159.09,146.41,49.51,35.95,18.2,L 0.3,-0.8,4598,-262,L 9.1
20,67,1761021877.195341,1761021882.035341,-,-,98,1761021880.485983,-,155.79,144.73,49.62,23.8,22.8,R 0.3,0.3,5933,117,R 7.7
20,68,1761021895.385341,1761021900.775341,-,-,110,1761021899.064857,-,156.52,143.74,48.54,35.46,18.4,R 1.8,1.6,4557,130,R 11.4
20,69,1761021916.455341,1761021921.355341,-,-,95,1761021919.646336,-,144.32,128.76,45.73,36.43,15,L 1.1,-1.1,4255,44,R 0.8
20,70,1761021934.245341,1761021939.085341,-,-,93,1761021937.359027,-,153.17,146.26,43.97,40.5,20.7,R 4.0,2.2,4630,-4,R 12.9
20,71,1761021952.595341,1761021957.235341,-,-,106,1761021956.140904,-,167.59,155.18,51.5,37.73,18.8,L 0.8,-1.2,4691,-259,L 11.4
20,72,1761021971.315341,1761021976.175341,-,-,108,1761021974.919588,-,159.79,147.18,49.64,37.54,18.4,L 1.3,-1.6,4625,-273,L 12.1
20,73,1761021989.615341,1761021994.755341,-,-,112,1761021993.367441,-,159.13,146.86,48.93,39.75,20.1,R 2.4,2,4375,113,R 13.0
20,74,1761022008.395341,1761022013.025341,-,-,98,1761022011.679391,-,144.61,131.68,46.17,40.03,17.7,R 1.2,-0.1,4633,-281,L 5.0
20,75,1761022025.455341,1761022029.155341,-,-,101,1761022028.82499,-,154.76,139.83,48.16,34.32,15.8,L 1.2,-1.5,4350,-247,L 10.2
20,76,1761022044.595341,1761022049.295341,-,-,106,1761022048.139585,-,155.06,142.77,48.12,41.29,18.8,R 2.4,3.1,4603,815,R 36.6
20,77,1761022084.865341,1761022088.935341,-,-,-,-,-,158.05,146.27,49.59,40.92,21.6,R 0.2,0.1,5261,105,R 6.8
20,78,1761022104.445341,1761022109.225341,-,-,108,1761022108.049734,-,159.63,147.4,49.27,40.29,20.8,R 2.6,2.1,4722,37,R 11.8
20,79,1761022122.785341,1761022127.805341,-,-,120,1761022126.796227,-,145.52,133.45,46.15,35.74,20.6,R 0.9,0.2,4317,-244,L 4.6
20,80,1761022139.845341,1761022144.445341,-,-,118,1761022143.808469,-,149.37,136.62,47.2,28.4,19.2,L 0.3,-1.1,4620,-344,L 10.6
20,81,1761022158.455341,1761022162.735341,-,-,104,1761022161.954252,-,152.17,139.6,47.96,36.2,18.2,R 1.9,1.2,4568,-234,L 2.0
20,82,1761022177.305341,1761022182.395341,-,-,116,1761022181.201494,-,160.17,148.18,49.7,36.27,20.9,R 1.4,1,4847,30,R 7.8
20,83,1761022196.755341,1761022201.775341,-,-,113,1761022200.548959,-,163.79,151.29,50.53,36.74,10.3,L 1.4,-1.6,4630,-252,L 12.2
20,84,1761022217.355341,1761022220.965341,-,-,94,1761022220.496518,-,152.34,139.6,47.83,33.72,18.1,R 0.8,0.4,4523,-66,L 1.4
20,85,1761022234.845341,1761022238.835341,-,-,107,1761022238.442949,-,157.01,165.67,49.59,36.5,22.5,R 2.7,2.4,5789,146,R 15.7
20,86,1761022254.825341,1761022258.715341,-,-,-,-,-,158.69,165.97,40.73,35.76,20.5,R 0.0,-0.2,4483,-7,L 0.1
20,87,1761022310.795341,1761022316.895341,-,-,-,-,-,148.96,137,47.18,41.64,19.7,L 0.9,-1.2,4463,-200,L 8.3
20,88,1761022330.075341,1761022334.215341,-,-,-,-,-,158.03,145.74,49.21,35.86,19,R 0.3,-0.1,4667,-140,L 6.5
20,89,1761022347.855341,1761022352.215341,-,-,-,-,-,166.37,152.26,50.71,37.8,16.4,L 0.9,-1.2,4468,-235,L 10.2
20,90,1761022366.655341,1761022370.365341,-,-,-,-,-,155.09,144.3,49.01,35.93,21,R 0.0,-0.3,4791,-91,L 4.5
20,91,1761022384.335341,1761022388.945341,-,-,-,-,-,152.71,140.44,47.8,26.9,20.3,R 1.6,1,4350,-252,L 3.3
20,92,1761022403.475341,1761022408.295341,-,-,-,-,-,165.02,152.23,50.64,37.3,19.9,R 0.6,1,4799,579,R 31.3
20,93,1761022422.275341,1761022426.495341,-,-,-,-,-,160.44,147.71,49.68,36.84,18.4,L 1.1,1.3,4632,-160,L 8.8
20,94,1761022440.285341,1761022445.365341,-,-,127,1761022444.524578,-,150.37,139.46,48.12,36.09,22.3,R 1.0,0.4,5370,-171,L 3.3
20,95,1761022461.375341,1761022466.105341,-,-,102,1761022464.806081,-,166.05,152.44,50.86,37.32,21,R 0.4,0.1,4934,5,R 1.5
20,96,1761022480.965341,1761022485.515341,-,-,111,1761022484.687048,-,156.16,143.91,48.91,30.54,20.6,R 2.0,1.2,4556,-318,L 4.8
20,97,1761022499.375341,1761022504.005341,-,-,116,1761022503.266948,-,166.07,153.49,50.79,37.63,18.5,R 0.8,0.8,4655,172,R 11.7
20,98,1761022520.375341,1761022524.685341,-,-,100,1761022523.714923,-,159.9,148.54,50.04,35.93,20.9,R 2.8,2.2,4898,-69,R 4.2
20,99,1761022540.915341,1761022545.475341,-,-,100,1761022544.264142,-,155.79,143.77,48.78,38.85,31.8,R 3.2,2.7,5198,87,R 14.5
20,100,1761022560.745341,1761022564.705341,-,-,104,1761022564.244942,-,164.36,151.79,50.44,36.56,17.9,R 0.3,0.2,4592,87,R 6.4
20,101,1761022579.495341,1761022583.615341,-,-,101,1761022582.890894,-,147.47,136.76,47.24,35.35,22,R 1.5,1,5032,-76,R 0.4
20,102,1761022600.935341,1761022605.235341,-,-,110,1761022604.606771,-,163.41,150.73,50.44,36.81,18.8,L 2.0,-2.3,4680,-294,L 15.5
20,103,1761022627.315341,1761022632.515341,-,-,111,1761022631.027002,-,157.19,141,48.12,36.25,18.8,L 0.9,-1.1,4610,-165,L 7.7
20,104,1761022647.395341,1761022651.095341,-,-,99,1761022650.706491,-,161.98,148.84,49.94,40.22,18.2,R 2.1,1.6,4619,-110,R 1.2
20,105,1761022665.345341,1761022670.305341,-,-,119,1761022669.321208,-,160.98,148.62,49.6,32.54,20.4,R 2.2,1.9,4536,119,R 13.0
20,106,1761022684.455341,1761022688.215341,-,-,104,1761022687.933312,-,156.81,142.97,48.55,37.22,16.7,L 0.7,-0.9,4418,-75,L 5.6
20,107,1761022702.985341,1761022707.345341,-,-,120,1761022707.013748,-,162.55,150.04,49.95,35.84,18.9,R 2.7,2.4,4692,147,R 15.3
20,108,1761022722.875341,1761022727.245341,-,-,114,1761022726.695257,-,155.22,144.17,49.62,33.17,24,R 2.7,2.4,6437,182,R 17.7
21,1,1763027907.698343,1763027913.168658,-,-,95,1763027910.867145,-,115.38,104.58,39.5,29.6,22.4,L 2.0,-2.1,5882,-139,L 7.3
21,2,1763027926.111329,1763027931.782476,-,-,96,1763027929.313694,-,119.8,108.37,40.6,29.9,20,L 0.9,-0.9,5296,121,R 2.1
21,3,1763027956.80013,1763027962.137325,-,-,95,1763027959.969076,-,118.56,107.69,40.2,30,21.6,R 0.9,0.6,5789,16,R 4.0
21,4,1763027976.949993,1763027981.618752,-,-,95,1763027980.118014,-,115.72,105.63,39.8,30.1,23.7,L 2.8,-3.1,6261,-167,L 9.6
21,5,1763027994.027219,1763027999.563412,-,-,95,1763027997.195542,-,111.12,99.05,38.7,30.6,20,L 1.0,-1.4,4836,-158,L 5.1
21,6,1763028011.840503,1763028017.513266,-,-,97,1763028015.075391,-,115.71,105.41,39.6,30,23.9,R 0.5,0.1,6267,39,R 3.4
21,7,1763028029.453521,1763028034.690401,-,-,93,1763028032.554127,-,114.38,103.14,39.4,34.5,20.5,L 0.2,-0.6,5199,-55,L 2.6
21,8,1763028048.167337,1763028052.702219,-,-,97,1763028051.401808,-,99.02,86.46,36,30,19,L 1.1,-2.5,4545,-152,L 4.4
21,9,1763028066.982654,1763028072.049402,-,-,94,1763028070.116014,-,125.84,115.12,42.4,31.5,21,L 1.8,-2.3,6037,-162,L 8.1
21,10,1763028085.128603,1763028090.364196,-,-,94,1763028088.26275,-,116.55,106.47,39.9,30.2,23.5,L 0.2,-0.5,6238,32,R 1.7
21,11,1763028110.711046,1763028115.447175,-,-,99,1763028114.013019,-,-,-,-,-,-,-,-,-,-,-
21,12,1763028124.420611,1763028129.691195,-,-,94,1763028127.556299,-,124.59,114.07,41.9,31.5,22.7,L 3.2,-3.2,6355,-103,L 10.8
21,13,1763028142.667475,1763028148.037659,-,-,94,1763028145.835957,-,117.29,106.98,40,26.4,23.7,R 0.5,0.2,6312,88,R 4.5
21,14,1763028160.949682,1763028166.485401,-,-,97,1763028164.183743,-,104.86,91.4,37,31,19.6,L 0.5,-2,4725,-189,L 3.9
21,15,1763028179.560716,1763028185.266028,-,-,95,1763028182.729278,-,119.42,109.18,40.3,30.9,25.2,R 0.7,0.5,6671,83,R 5.2
21,16,1763028197.872979,1763028203.010538,-,-,90,1763028200.875276,-,121.07,110.94,40.9,32.1,24.8,L 1.4,-1.9,6691,-123,L 6.7
21,17,1763028215.388716,1763028220.989967,-,-,94,1763028218.522807,-,123.96,113.2,41.8,31.2,21.9,L 1.1,-1.5,6165,-73,L 5.4
21,18,1763028233.632878,1763028237.768525,-,-,96,1763028236.834671,-,118.4,105.48,40.4,27.7,18.8,L 4.4,-4.6,4761,-391,L 16.1
21,19,1763028252.712815,1763028257.816653,-,-,97,1763028255.94865,-,109.4,98.91,38.2,28.6,22.1,R 0.0,-0.4,5462,-98,L 2.5
21,20,1763028272.027594,1763028277.297682,-,-,97,1763028275.263346,-,109.3,99.52,37.6,29.8,29.7,R 7.5,6.8,7006,267,R 24.6
21,21,1763028292.441461,1763028298.67938,-,-,98,1763028295.710494,-,120.87,111.22,40.9,31.9,27.5,R 1.4,1.2,7244,134,R 8.4
21,22,1763028311.756877,1763028317.325978,-,-,95,1763028314.924954,-,112.08,101.66,38.7,28.1,23.4,L 1.3,-1.6,5994,-121,L 5.6
21,23,1763028334.871902,1763028340.309232,-,-,95,1763028338.040896,-,120.3,109.96,40.6,31.2,25.5,L 0.8,-1.1,6784,-31,L 4.1
21,24,1763028353.785594,1763028359.192461,-,-,96,1763028356.987637,-,121.93,112.13,41.2,31.4,24.5,L 0.8,-1.3,6662,-107,L 5.2
21,25,1763028374.200497,1763028379.770061,-,-,98,1763028377.468863,-,119.39,109.23,40.7,30.7,23.1,L 3.0,-3.1,6267,-122,L 10.0
21,26,1763028394.314732,1763028400.153471,-,-,96,1763028397.517108,-,113.38,103.31,39.2,33.8,22.7,L 1.7,-2.2,5918,-186,L 7.3
21,27,1763028413.662848,1763028418.732844,-,-,98,1763028416.931786,-,108.87,97.83,37.9,29.1,22,L 1.1,-1.3,5315,-24,L 4.1
21,28,1763028433.843278,1763028439.180331,-,-,96,1763028437.04552,-,114.35,104.85,39.3,30.4,26.3,R 0.0,-0.3,6718,-15,L 1.7
21,29,1763028452.858198,1763028457.892775,-,-,97,1763028456.092335,-,104.22,90.04,37.1,32.2,17.8,L 4.9,-5,4394,-392,L 14.4
21,30,1763028474.372366,1763028480.109873,-,-,96,1763028477.574717,-,120.53,110.24,40.7,31.2,25.4,R 0.5,0,6765,-62,L 1.5
21,31,1763028494.153287,1763028498.289334,-,-,99,1763028497.455438,-,106.17,92.52,37.5,32.8,18.6,L 3.9,-5.3,4565,-338,L 12.3
21,32,1763028511.566943,1763028517.136997,-,-,97,1763028514.802232,-,117.7,108.02,40,31,26.7,R 1.4,1.3,6925,164,R 9.0
21,33,1763028670.213171,1763028675.917928,-,-,94,1763028673.34881,-,94.18,81.58,34.3,25.2,21.1,R 2.0,1.3,4319,-106,R 1.5
21,34,1763028689.927249,1763028695.164709,-,-,95,1763028693.09635,-,117.25,107.15,39.8,30.9,26.8,R 1.3,1,6916,95,R 6.7
21,35,1763028708.176564,1763028713.713687,-,-,95,1763028711.344381,-,125.56,113.94,41.8,27.3,20.6,L 1.7,-1.7,5776,-6,L 4.5
21,36,1763028727.653957,1763028732.858375,-,-,94,1763028730.790131,-,117.69,107.46,40,30.7,25.4,L 0.2,-0.7,6662,-71,L 3.2
21,37,1763028748.669846,1763028754.106911,-,-,92,1763028751.738716,-,124.75,114.27,41.7,31.6,23.7,L 3.4,-3.5,6559,-164,L 12.0
21,38,1763028769.386949,1763028775.025738,-,-,96,1763028772.588071,-,113.29,102.69,39.1,29.2,21.8,L 1.8,-1.8,5587,30,L 2.1
21,39,1763028790.198209,1763028796.470767,-,-,98,1763028793.501395,-,-,-,-,-,-,-,-,-,-,-
21,40,1763028891.973006,1763028897.676857,-,-,96,1763028895.174947,-,113.15,103.58,38.9,30.6,28.7,R 4.1,3.5,7103,91,R 13.0
21,41,1763028916.49099,1763028922.529717,-,-,95,1763028919.65923,-,109.26,98.34,37.9,34.1,22.3,L 0.9,-0.5,5438,290,R 6.4
21,42,1763028935.703868,1763028941.375099,-,-,98,1763028938.973494,-,116.7,104.51,40,35.3,19.9,L 5.2,-5.7,5502,-314,L 16.4
21,43,1763028956.018728,1763028961.792877,-,-,96,1763028959.221044,-,116.02,105.14,39.7,29.8,22.2,L 2.0,-2.3,5888,-183,L 7.9
21,44,1763028981.770642,1763028987.474696,-,-,96,1763028984.972923,-,116.62,105.84,39.7,33.7,22.2,R 0.5,0.3,5887,100,R 4.5
21,45,1763029002.051915,1763029007.422582,-,-,93,1763029005.154224,-,117.65,107.18,40.3,27.5,22.4,L 1.1,-1.6,6056,-87,L 5.3
21,46,1763029023.267236,1763029028.90586,-,-,98,1763029026.536241,-,115.41,104.63,39.8,35.1,21.6,L 0.1,-1,5706,-175,L 3.9
21,47,1763029041.883468,1763029046.21856,-,-,95,1763029045.051397,-,118.51,108.3,40.2,31.1,26.2,R 0.7,0.3,6873,-21,L 0.2
21,48,1763029061.095135,1763029066.265282,-,-,89,1763029064.064018,-,121.31,111.1,41.2,31.2,23.5,L 0.8,-1.3,6438,-100,L 5.0
21,49,1763029081.809256,1763029087.546776,-,-,96,1763029085.011549,-,113.7,103.44,39.1,27.2,24.3,R 0.0,0,6278,107,R 3.7
21,50,1763029104.125287,1763029109.595885,-,-,96,1763029107.327586,-,120.11,109.88,40.5,30.9,24.6,L 2.0,-2,6578,26,L 2.5
21,51,1763029123.239343,1763029128.910002,-,-,96,1763029126.441277,-,119.97,109.89,40.5,31,25.1,R 0.8,0.4,6677,5,R 2.2
21,52,1763029144.755447,1763029150.158514,-,-,94,1763029147.890636,-,117.78,107.9,40.4,30.6,23.5,L 0.5,-1,6320,-95,L 3.9
21,53,1763029167.470759,1763029171.439933,-,-,94,1763029170.60598,-,115.42,103.21,39.5,29.1,20,L 6.6,-6.8,5049,-353,L 19.4
21,54,1763029193.288648,1763029198.793521,-,-,99,1763029196.591963,-,99.04,89.28,35.6,32.7,24.8,R 4.9,2.4,5545,-87,R 7.6
21,55,1763029264.940976,1763029269.811135,-,-,96,1763029268.143284,-,113.68,99.56,39,32.3,18.1,L 3.7,-3.5,4551,-89,L 9.8
21,56,1763029283.455202,1763029289.392221,-,-,96,1763029286.656976,-,121.43,110.59,41.1,31.6,21.1,L 5.1,-5.2,5795,-335,L 17.6
21,57,1763029304.069155,1763029310.073494,-,-,98,1763029307.338178,-,112.6,102.83,38.7,30.1,27,R 1.5,1.3,6733,111,R 7.2
21,58,1763029323.083493,1763029329.32079,-,-,97,1763029326.318866,-,117.91,108.03,40,30.7,25,R 1.4,1.3,6595,143,R 8.0
21,59,1763029343.798966,1763029349.068454,-,-,92,1763029346.867235,-,120.41,110.07,40.7,34.2,25.5,L 0.8,-1.7,6801,-116,L 5.3
21,60,1763029363.644904,1763029369.551331,-,-,98,1763029366.914337,-,121.51,111.37,41,32,27.7,R 0.2,0,7297,35,R 3.2
21,61,1763029385.461905,1763029391.166147,-,-,97,1763029388.697038,-,120.38,109.43,40.9,30.7,22.1,L 2.4,-3,6094,-173,L 9.2
21,62,1763029407.043967,1763029412.147294,-,-,95,1763029410.212604,-,106.81,94.46,37.8,27.8,19.7,L 3.6,-3.9,4818,-332,L 11.9
21,63,1763029427.192576,1763029433.331361,-,-,98,1763029430.460475,-,117.18,107.46,39.9,31.3,28.1,R 2.6,2.5,7204,192,R 13.0
21,64,1763029448.574587,1763029453.911102,-,-,96,1763029451.77662,-,109.28,99.28,38.1,26.5,25.6,L 0.1,-0.5,6338,-43,L 2.2
21,65,1763030141.404877,1763030146.675331,62,1763030144.651877,94,1763030144.540445,-0.11,113.3,100,38.9,28.4,18.9,L 3.8,-3.6,4705,-44,L 10.0
21,66,1763030168.457651,1763030173.929975,63,1763030171.765804,94,1763030171.62662,-0.14,120.31,110.13,40.7,34.1,25,L 2.3,-3.9,6696,-178,L 9.4
21,67,1763030187.27278,1763030193.675522,64,1763030190.62549,96,1763030190.474468,-0.15,109.53,98.88,38.2,28.7,22.5,L 0.3,-0.7,5574,-29,L 2.4
21,68,1763030207.386746,1763030213.558367,66,1763030210.885897,100,1763030210.721961,-0.16,116.35,106.21,40,34.5,23.3,L 2.9,-4.4,6219,-203,L 10.3
21,69,1763030228.799953,1763030234.571878,63,1763030232.146817,95,1763030231.969989,-0.18,113.42,102.79,39.3,27.6,21.8,L 0.8,-1.3,5618,-146,L 4.8
21,70,1763030249.916449,1763030254.352774,64,1763030253.307687,97,1763030253.151933,-0.16,108.88,97.43,38,28.3,21.2,L 2.9,-3,5091,-166,L 8.7
21,71,1763030270.599797,1763030276.602037,66,1763030274.118376,100,1763030273.934353,-0.18,109.98,100.43,38.1,29.6,26.9,R 0.2,0,6599,20,R 2.4
21,72,1763030290.445364,1763030295.849303,63,1763030293.8285,95,1763030293.614309,-0.21,113.77,103.88,39.3,30,24.3,L 0.5,-0.8,6305,-19,L 2.8
21,73,1763030310.292848,1763030315.830352,60,1763030313.538624,91,1763030313.3285,-0.21,115.34,105.05,39.6,30.2,24.4,L 1.0,-1.3,6389,-44,L 4.5
21,74,1763030328.807912,1763030334.444344,63,1763030332.148182,96,1763030332.008645,-0.14,111.77,102.07,38.5,30,27.4,R 1.1,1.1,6780,173,R 8.2
21,75,1763030350.890794,1763030356.061815,59,1763030354.009411,89,1763030353.858525,-0.15,113.17,101.83,39,29,21.4,L 4.7,-5,5409,-289,L 14.7
21,76,1763030371.135209,1763030376.674308,64,1763030374.46992,97,1763030374.372406,-0.1,111.3,101.2,38.6,29.6,25.5,R 0.8,0.3,6408,-49,L 0.2
21,77,1763030391.68485,1763030397.222953,64,1763030395.030481,97,1763030394.919813,-0.11,104.44,93.58,36.9,29.4,22.4,L 1.6,-1.9,5179,-116,L 5.6
21,78,1763030413.63449,1763030419.738082,65,1763030416.991761,98,1763030416.903236,-0.09,116.52,106.42,39.6,30.6,26,R 1.1,0.9,6726,105,R 6.5
21,79,1763030433.947843,1763030439.552625,63,1763030437.252168,95,1763030437.117541,-0.13,116.96,106.79,39.8,31.2,28.4,R 2.2,1.7,7220,47,R 8.1
21,80,1763030455.697596,1763030461.638503,64,1763030459.013345,96,1763030458.899834,-0.11,110.08,100.5,38.1,29.5,26.5,R 1.1,0.8,6517,72,R 5.5
21,81,1763030478.680371,1763030484.117967,66,1763030482.125216,99,1763030481.98276,-0.14,114.94,104.87,39.2,30.3,26.3,R 2.2,1.7,6700,54,R 7.8
21,82,1763030501.096892,1763030506.567495,62,1763030504.336625,92,1763030504.199131,-0.14,112.8,102.28,38.9,29.4,23.1,L 1.0,-1.5,5986,-132,L 5.2
21,83,1763030522.5123,1763030527.649374,62,1763030525.797648,93,1763030525.6479,-0.15,11.75,102,38.5,29.7,26.1,R 0.0,-0.2,6521,31,R 2.1
21,84,1763030544.928282,1763030550.465794,63,1763030548.20916,95,1763030548.096746,-0.11,120.22,109.4,40.8,30.8,22.9,L 3.1,-3.4,6261,-183,L 10.9
21,85,1763030565.143177,1763030569.211987,62,1763030568.369515,92,1763030568.244856,-0.12,106.88,95.49,37.5,26.3,21.5,L 2.9,-3,5038,-170,L 8.6
21,86,1763030586.558549,1763030590.594464,59,1763030589.680461,89,1763030589.527094,-0.15,111.31,101.34,38.6,29.7,25.8,L 2.3,-2.5,6477,-80,L 7.7
21,87,1763030605.805553,1763030611.042733,60,1763030608.990379,91,1763030608.841073,-0.15,112.52,102.53,38.6,29.9,26.9,R 1.5,1.4,6684,162,R 8.6
21,88,1763030625.520177,1763030631.123639,63,1763030628.85058,96,1763030628.721587,-0.13,114.76,104.81,39.3,30.3,26.2,L 2.4,-2.6,6688,-88,L 8.3
21,89,1763030644.199335,1763030649.403716,63,1763030647.510164,95,1763030647.368004,-0.14,117.63,106.45,40.1,30.1,22.5,L 3.2,-3.4,6048,-159,L 10.5
21,90,1763030662.14611,1763030667.516664,62,1763030665.419363,93,1763030665.248381,-0.17,110.98,101.05,38.6,29.5,24.8,L 2.4,-2.7,6291,-142,L 8.3
21,91,1763030684.628317,1763030689.899346,61,1763030687.880901,93,1763030687.729376,-0.15,121.28,111.34,41,31.4,25.2,L 0.1,-0.6,6787,-71,L 3.0
21,92,1763030704.443213,1763030709.713513,61,1763030707.691076,92,1763030707.512051,-0.18,110.09,99.24,38.4,28,22.2,L 2.2,-2.6,5529,-183,L 7.8
21,93,1763030724.357462,1763030728.493775,64,1763030727.701354,96,1763030727.559764,-0.14,100.4,90.58,36,27.5,24.5,L 1.1,-1.5,5608,-91,L 4.4
21,94,1763030742.405686,1763030747.576213,64,1763030745.76063,97,1763030745.640167,-0.12,119.69,109.86,40.5,27.3,24.5,L 1.0,-1.2,6544,24,L 0.3
21,95,1763030760.985981,1763030766.488911,64,1763030764.320163,96,1763030764.187999,-0.13,111.04,101.32,38.4,30.2,28.6,R 0.1,-0.1,6970,27,R 2.4
21,96,1763030778.89658,1763030784.16712,62,1763030782.179336,94,1763030782.031456,-0.15,113.3,102.6,39.1,29.3,22.3,L 4.3,-4.2,5736,-178,L 12.3
21,97,1763030795.644681,1763030800.845512,59,1763030798.787867,89,1763030798.645168,-0.14,115.65,105.33,39.7,35.1,24.1,L 2.9,-4.1,6347,-159,L 9.8
21,98,1763030813.25523,1763030818.391769,58,1763030816.346886,87,1763030816.189881,-0.16,121.28,110.92,40.9,31.7,26.9,L 1.3,-1.6,7109,-20,L 5.3
21,99,1763030832.668809,1763030837.939195,60,1763030835.856907,91,1763030835.704266,-0.15,120.05,109.83,40.6,31.3,26,R 0.1,-0.2,6883,-29,L 1.8
21,100,1763030853.252202,1763030858.722646,61,1763030856.517519,93,1763030856.353607,-0.16,117.73,107.75,40,31.1,27,L 1.7,-1.8,7000,37,L 1.6
21,101,1763030872.663599,1763030877.834566,60,1763030875.877463,91,1763030875.699739,-0.18,124.53,114.45,41.8,32.5,27,L 3.6,-3.8,7286,-101,L 12.3
21,102,1763030893.178842,1763030898.717012,62,1763030896.48805,94,1763030896.314467,-0.17,118.9,109.16,41,26.6,29.2,R 1.1,1.1,7611,165,R 9.2
21,103,1763030911.391696,1763030917.062813,64,1763030914.747428,97,1763030914.626615,-0.12,117.19,106.27,39.8,30.1,23.3,L 7.4,-7.2,6172,-271,L 21.0
21,104,1763030934.207558,1763030940.048693,66,1763030937.659197,99,1763030937.510892,-0.15,121.26,111.03,40.8,31.2,24.9,L 2.3,-2.1,6670,101,L 1.1
22,1,1761290175.220445,1761290179.292256,29,1761290176.505193,44,1761290176.688078,0.18,120.03,103.82,40.7,33,21.9,L 2.8,-2.7,6323,-62,L 0.9
22,2,1761290194.232471,1761290199.435608,48,1761290196.43025,73,1761290196.667935,0.24,131.41,120.72,43.5,32.6,22.2,R 2.1,1.6,6479,6,R 5.9
22,3,1761290216.447249,1761290221.784089,54,1761290218.958583,82,1761290219.182379,0.22,136.7,125.99,44.6,32.5,22.4,L 0.1,-0.4,6679,-7,L 0.5
22,4,1761290239.062005,1761290244.465541,56,1761290241.687167,85,1761290241.897182,0.21,143.3,125.4,47.1,32.6,17.4,L 0.8,-1.3,4606,-281,L 9.8
22,5,1761290287.293255,1761290293.363964,60,1761290290.098049,91,1761290290.328618,0.23,125.47,114.99,41,37.2,24.6,L 0.8,-1,6773,12,0.0
22,6,1761290311.709439,1761290317.046568,55,1761290314.278459,83,1761290314.477455,0.2,130.16,119.54,43.1,32.6,23.2,R 0.3,-0.1,6677,-92,L 2.5
22,7,1761290375.952864,1761290381.456557,57,1761290378.609363,86,1761290378.821501,0.21,127.51,117.19,42.5,32.4,24.6,R 0.6,0.1,6872,-79,L 1.7
22,8,1761290397.867172,1761290401.503918,33,1761290399.385491,51,1761290399.567868,0.18,130.99,120.53,43.2,37.2,24.3,R 0.9,0.6,6923,56,R 5.0
22,9,1761290420.815996,1761290425.718076,40,1761290422.664768,60,1761290422.850047,0.19,162.71,131.75,46,23.5,23.5,R 0.7,1.1,7024,325,R 17.0
22,10,1761290444.031681,1761290448.401349,36,1761290445.69373,55,1761290445.866271,0.17,141.06,130.07,45.8,34.2,21.6,R 0.2,-0.1,4566,-95,L 3.3
22,11,1761290466.246336,1761290470.550361,41,1761290468.121936,63,1761290468.348387,0.23,149.13,137.96,67.9,40.5,21.8,R 0.0,-0.6,6673,-172,L 5.8
22,12,1761290541.063402,1761290546.767264,59,1761290543.817132,89,1761290544.03225,0.22,129.35,119.18,43,22.5,23.6,L 0.5,-0.9,6716,-89,L 4.5
22,13,1761290558.710832,1761290563.746325,54,1761290561.239042,82,1761290561.445376,0.21,137.2,121.67,43.5,31.5,24.7,R 0.3,0.3,7054,157,R 7.5
22,14,1761290578.454964,1761290584.959469,69,1761290581.764856,105,1761290581.957314,0.19,128.33,127.71,45.1,34.5,23.2,R 2.4,2.1,7396,107,R 11.6
22,15,1761290598.004255,1761290603.108335,57,1761290600.738718,87,1761290600.905376,0.17,132.19,121.45,43.8,32.5,23.9,L 0.1,-0.3,6192,25,R 2.4
22,16,1761290625.052393,1761290630.923781,59,1761290627.822779,90,1761290628.05529,0.23,139.84,129.17,45.5,34.1,22,L 0.9,-1.1,6641,-36,L 5.2
22,17,1761290657.508204,1761290663.512239,58,1761290660.263578,88,1761290660.443506,0.18,142.11,131.69,46.1,34.9,23.6,L 1.3,-1.4,7045,21,L 0.7
22,18,1761290681.158209,1761290684.995421,33,1761290682.691784,51,1761290682.858971,0.17,140.24,129.1,45.6,33,21.3,R 1.7,1.6,6469,165,R 12.4
22,19,1761290701.77179,1761290705.873502,33,1761290703.217597,50,1761290703.439068,0.22,167.47,136.79,67.5,34.9,26.5,R 1.3,1.3,7322,105,R 13.0
22,20,1761290725.153786,1761290729.056704,27,1761290726.396748,42,1761290726.554175,0.16,147.34,126.02,47.4,25,23.2,R 0.5,0,4995,-103,L 3.2
22,21,1761290743.999272,1761290747.468579,23,1761290745.020169,36,1761290745.200409,0.18,123.31,129.02,45.2,33.1,24.6,L 0.8,-0.8,7266,89,R 2.8
22,22,1761290762.780611,1761290768.319796,45,1761290764.845102,68,1761290765.048275,0.2,125.05,124.04,44.4,33.7,23.9,L 1.6,-1.9,7010,-26,L 7.0
22,23,1761290792.665407,1761290796.668087,23,1761290793.681367,35,1761290793.83288,0.15,123.18,127.69,49,32.6,24.1,R 1.4,1.5,7123,216,R 13.2
22,24,1761290810.744509,1761290815.313608,39,1761290812.50504,59,1761290812.745567,0.24,131.9,121.44,43.4,33.2,23.7,R 0.0,0.1,6010,230,R 9.5
22,25,1761290831.791844,1761290836.961877,40,1761290833.631609,61,1761290833.826422,0.19,142.11,131.69,46.1,33,23.6,L 1.1,-1.3,7056,31,L 0.1
22,26,1761290853.439354,1761290858.476204,37,1761290855.108619,56,1761290855.307267,0.2,143.07,131.07,46.4,41.2,23.5,L 1.7,-1.6,6282,74,L 0.2
22,27,1761290873.786651,1761290879.622931,39,1761290875.534307,59,1761290875.754277,0.22,139.11,125.49,44.8,39,17.8,L 3.4,-3.4,4720,-320,L 13.4
22,28,1761290895.834582,1761290900.437613,41,1761290897.762261,63,1761290897.935945,0.17,132.99,122.51,43.7,33.1,23.5,R 0.6,0.3,6026,47,R 4.7
22,29,1761290916.214662,1761290921.885356,40,1761290918.087823,61,1761290918.248979,0.16,126.31,112.22,41.8,32,17,L 1.5,-1.3,4456,106,R 0.6
22,30,1761290935.529248,1761290939.83065,30,1761290936.861433,46,1761290937.063062,0.2,137.91,127.6,45,29.6,23.2,L 2.1,-2.1,6925,-6,L 6.2
22,31,1761290953.573729,1761290958.775583,54,1761290956.135673,82,1761290956.307999,0.17,126.77,126.39,44.7,33.4,22,L 0.1,-0.2,6585,84,R 4.1
22,32,1761290975.254441,1761290979.059117,31,1761290976.611423,47,1761290976.822152,0.21,143.61,132.5,46.4,35.12,23.4,L 1.3,-1.6,7207,-49,L 4.9
22,33,1761290999.905948,1761291004.610214,41,1761291001.843155,62,1761291001.972779,0.13,117.64,93.7,42.9,35,10.1,L 2.6,-5.1,3969,-447,L 11.7
22,34,1761291087.296161,1761291092.766545,55,1761291089.903903,83,1761291090.064745,0.16,137.07,126.31,46,32.4,22.2,L 1.1,-1.4,6646,-70,L 6.3
22,35,1761291107.343107,1761291112.212687,47,1761291109.502715,71,1761291109.711199,0.21,128.16,117.84,42.8,32.1,22.5,L 0.1,-3.6,6440,-17,L 0.6
22,36,1761291125.322272,1761291129.257569,35,1761291126.945696,54,1761291127.123195,0.18,123.93,125.35,45.2,33.2,23.6,R 1.1,1,7034,103,R 0.2
22,37,1761291144.236499,1761291148.871674,45,1761291146.29337,68,1761291146.504061,0.21,128.77,118.58,42.7,31.2,23.5,R 0.7,0.4,6463,56,R 5.0
22,38,1761291163.680719,1761291167.950255,36,1761291165.390427,54,1761291165.515331,0.12,134.42,123.4,43.9,39,23.4,R 1.8,1.5,6807,97,R 9.2
22,39,1761291184.262419,1761291189.464916,41,1761291186.191683,63,1761291186.363517,0.17,133.03,122.25,43.9,33.4,22,R 0.9,0.5,6483,13,R 4.6
22,40,1761291204.741614,1761291209.61146,46,1761291206.942816,69,1761291207.076465,0.13,135.09,123.68,44.3,31.3,21.5,L 0.8,-0.9,6421,78,R 2.1
22,41,1761291226.556719,1761291230.79164,38,1761291228.345554,58,1761291228.490817,0.15,144.11,133.22,46.5,33.3,23.6,R 0.8,-0.1,7073,53,R 4.0
22,42,1761291247.538229,1761291252.040761,41,1761291249.44755,61,1761291249.605728,0.16,132.29,121.45,43.4,32.7,22.4,R 1.5,0.9,6537,-59,R 0.3
22,43,1761291266.550465,1761291270.452522,39,1761291268.344113,60,1761291268.55173,0.21,132.61,121.97,43.7,32.1,23.6,L 0.2,-0.6,6040,-69,L 3.7
22,44,1761291297.104262,1761291301.64322,37,1761291298.819206,56,1761291298.971864,0.15,129.21,118.22,43.2,30.8,19.9,L 0.1,-0.6,6280,-120,L 3.8
22,45,1761291316.18345,1761291320.955713,44,1761291318.317251,67,1761291318.419232,0.1,123.06,117.44,43,32,23.9,R 1.0,0.3,4057,-100,L 0.0
22,46,1761291334.394876,1761291338.631828,35,1761291336.01085,54,1761291336.195965,0.19,139.65,129.13,45.5,40.6,24.7,L 0.7,-0.9,7320,16,R 0.7
22,47,1761291354.112115,1761291358.680308,38,1761291355.859759,57,1761291356.046122,0.19,132.11,122.06,44.3,32.6,26.1,R 8.3,0.1,7526,66,R 4.9
22,48,1761291393.035491,1761291397.338506,39,1761291394.855849,60,1761291395.036855,0.18,132,122.07,43.6,32.3,24.4,R 0.0,0,7206,122,R 5.4
22,49,1761291410.347462,1761291415.751177,40,1761291412.198582,61,1761291412.382208,0.18,135.05,123.06,44.5,33.4,21.6,L 2.4,-2.8,6484,-207,L 11.2
22,50,1761291428.493338,1761291433.531413,37,1761291430.192922,56,1761291430.361266,0.17,131.31,114.43,43.9,20.5,12.9,L 1.2,-1.5,4145,-137,L 6.0
22,51,1761292236.880312,1761292241.817057,-,-,63,1761292238.981796,-,130.19,119.29,43,32.2,23.1,L 2.6,-3.7,6620,-211,L 13.6
22,52,1761292255.359836,1761292260.262169,-,-,63,1761292257.460876,-,140.04,129.02,45.8,34.1,21.3,L 0.5,-0.9,4472,-106,L 5.2
22,53,1761292271.303873,1761292275.374802,-,-,59,1761292273.27195,-,140.03,130.29,45.7,32.7,23.3,R 1.0,0.7,6967,51,R 6.5
22,54,1761292286.981544,1761292291.450464,-,-,63,1761292289.115642,-,136.44,125.83,44.7,33.6,22.7,L 0.9,-1.3,6771,-95,L 6.1
22,55,1761292303.961886,1761292307.896555,-,-,38,1761292305.229101,-,130.37,120.15,43.1,20.4,23.2,R 0.8,0.4,6679,4,R 2.3
22,56,1761292322.006323,1761292326.141904,-,-,60,1761292324.007445,-,139.34,120.7,45.33,34.9,22.4,R 0.3,0.1,6981,41,R 6.3
22,57,1761292341.318242,1761292345.590014,-,-,58,1761292343.252451,-,133.99,123.53,44.1,33.4,23.5,R 0.0,-0.3,6577,-54,L 2.9
22,58,1761292360.932287,1761292365.135632,-,-,58,1761292362.867837,-,144.16,132.5,46.5,22.3,22.5,R 1.1,0.9,6790,90,R 0.2
22,59,1761292378.244823,1761292382.750177,-,-,57,1761292380.145756,-,135.06,124.06,44.3,40.3,22.9,R 1.6,1.1,7000,15,R 6.8
22,60,1761292397.690439,1761292401.927893,-,-,64,1761292399.826659,-,142.13,132.11,67.1,41.1,25.7,R 1.7,1.3,7593,40,R 0.6
22,61,1761292415.136654,1761292419.439592,-,-,49,1761292416.771114,-,147.39,136.61,47.5,26.2,24.2,R 0.8,0.3,7241,-12,R 2.1
22,62,1761292432.382023,1761292436.818854,-,-,61,1761292434.41662,-,146.97,136.24,47.5,36.8,23.8,R 0.5,-0.4,7134,-84,L 2.8
22,63,1761292449.696739,1761292454.565637,-,-,63,1761292451.797098,-,133.06,127.7,45.2,33.8,21.9,R 0.7,0.2,6617,-15,L 2.0
22,64,1761292466.706576,1761292471.208388,-,-,62,1761292468.807463,-,147.6,137.17,47.6,35.2,22.8,R 0.3,0,7146,-6,R 0.9
22,65,1761292484.718176,1761292489.021127,-,-,63,1761292486.819695,-,142.5,131.44,66.1,33.7,24.6,R 0.5,0.2,7295,44,R 1.0
22,66,1761292501.931304,1761292507.334834,-,-,68,1761292504.198889,-,140.33,129.83,45.6,34.6,23.9,R 0.0,0.2,7123,212,R 9.8
22,67,1761292519.544912,1761292523.81264,-,-,57,1761292521.445078,-,147.78,137.44,47.7,33.3,23,R 0.1,-0.1,4951,-18,L 2.3
22,68,1761292537.056853,1761292541.492351,-,-,60,1761292539.057221,-,133.15,122.6,43.9,38.7,23.3,L 0.8,-1.4,4883,-134,L 6.2
22,69,1761292555.068355,1761292559.40318,-,-,61,1761292557.102395,-,140.22,129.8,45.7,35,24.9,R 0.1,-0.1,7367,16,R 3.0
22,70,1761292570.577983,1761292574.949094,-,-,58,1761292572.512627,-,141.32,130.26,45.7,31.4,23.5,R 1.3,0.8,7009,26,R 6.8
22,71,1761292587.957765,1761292592.660262,-,-,64,1761292590.091719,-,146.92,135.97,47.3,34.3,21.9,L 1.7,-2,6637,-134,L 9.5
22,72,1761292604.63475,1761292609.871135,-,-,56,1761292606.502103,-,136.14,123.02,44.2,31.3,17.6,L 2.1,-2.1,4674,-90,L 0.2
22,73,1761292621.714709,1761292626.250449,-,-,59,1761292623.68217,-,140.53,130.13,45.7,34.3,23.8,L 0.2,-0.4,7100,60,R 3.4
22,74,1761292641.626844,1761292646.263732,-,-,59,1761292643.628581,-,137.33,126.09,45,33.2,20.1,R 0.6,0.2,6154,16,R 2.9
22,75,1761292658.939463,1761292663.776022,-,-,58,1761292660.874102,-,137.41,126.76,44.7,33.7,21.7,R 1.5,1.6,4517,317,R 16.9
22,76,1761292676.654362,1761292680.957586,-,-,64,1761292678.788555,-,141.82,130.89,45.9,33,23.7,L 1.1,-1.3,7019,34,R 0.1
22,77,1761292703.870516,1761292708.273475,-,-,59,1761292705.838518,-,137.13,126.41,44.8,33.4,25,L 0.5,-0.8,7323,22,R 1.6
22,78,1761292721.383389,1761292725.5188,-,-,59,1761292723.351092,-,137.63,126.72,44.8,33.4,21.6,L 1.3,-1.4,6510,40,L 0.2
22,79,1761292738.197971,1761292743.135369,-,-,59,1761292740.165325,-,136.5,125.97,44.6,32.7,24.1,R 0.7,0.4,7284,71,R 6.0
22,80,1761292756.740655,1761292761.276722,-,-,59,1761292758.708906,-,135.83,125.89,45.3,34.9,25.7,R 1.7,1.3,7531,27,R 8.0
22,81,1761292774.920759,1761292779.356033,-,-,61,1761292776.954954,-,142.43,132.49,46.4,34.7,22.2,L 1.0,-1.4,6722,-108,L 7.0
22,82,1761292792.832935,1761292797.003815,-,-,60,1761292794.83404,-,136.83,126.26,44.7,34.1,24.4,R 1.8,1.6,7173,120,R 10.2
22,83,1761292812.545799,1761292817.149506,-,-,58,1761292814.481425,-,137.03,126.89,45.2,40.4,21,L 0.3,-0.9,6137,-122,L 5.0
22,84,1761292831.860288,1761292836.230276,-,-,60,1761292833.861147,-,139.73,123.64,45.7,22.1,21,L 1.0,-1.3,6411,-82,L 6.2
22,85,1761292849.704761,1761292853.911612,-,-,55,1761292851.538875,-,138.49,127.91,45.1,34.2,23.7,R 0.0,0,7030,60,R 4.9
22,86,1761292870.186191,1761292874.589364,-,-,60,1761292872.187603,-,150.84,139.57,48.1,26,21.9,L 1.5,-1.4,6695,61,R 0.3
22,87,1761292890.700344,1761292895.303742,-,-,60,1761292892.701848,-,139.03,129.3,45.6,34.3,22.6,L 2.2,-2.6,6786,-197,L 11.2
22,88,1761292908.213392,1761292912.315882,-,-,64,1761292910.348171,-,136.56,126.39,44.8,32.6,23.7,L 0.5,-0.9,7014,-20,L 2.6
22,89,1761292927.826245,1761292932.131368,-,-,63,1761292929.927621,-,141,130.33,45,34,24.2,L 1.4,-1.5,7181,22,L 0.6
22,90,1761292949.742907,1761292954.51153,-,-,61,1761292951.777034,-,139.6,129,45.4,29.7,23.6,R 0.8,0.2,7038,-11,R 2.0
22,91,1761292969.090085,1761292974.326039,-,-,59,1761292971.057821,-,132.46,121.69,43.5,32.7,26,L 1.0,0.9,4932,158,R 4.2
22,92,1761292986.568579,1761292991.270637,-,-,58,1761292988.502733,-,134.79,124.13,44.2,33.5,25.7,R 1.4,1.3,7450,172,R 11.2
22,93,1761293005.180907,1761293009.716045,-,-,60,1761293007.181678,-,135.87,125.46,44.5,34,24.7,R 0.8,0.6,7212,74,R 6.3
22,94,1761293024.193397,1761293028.930019,-,-,63,1761293026.294894,-,129.13,118.71,42.7,31.6,23.7,R 1.7,1.5,6709,150,R 10.0
22,95,1761293041.40538,1761293046.041938,-,-,65,1761293043.573637,-,135.6,124.7,44.3,40.4,23.9,R 0.3,0,6982,6,R 1.2
22,96,1761293059.91928,1761293064.789754,-,-,60,1761293061.920388,-,136.39,125.69,44.8,31.4,21.4,L 0.3,-0.4,6456,63,R 3.5
22,97,1761293079.731473,1761293084.702085,-,-,63,1761293081.833482,-,-,-,-,-,-,-,-,-,-,-
22,98,1761293170.294841,1761293175.665291,-,-,63,1761293172.396303,-,134.21,123.45,44,33.6,24.9,L 0.9,-0.9,7187,99,R 2.6
22,99,1761293206.419931,1761293211.391556,-,-,64,1761293208.554784,-,132.62,122.8,46.5,40.5,26.9,R 2.6,2.3,7722,214,R 15.7
22,100,1761293226.134289,1761293231.006984,-,-,83,1761293228.903153,-,139.87,129.25,45.6,32.4,23.6,R 0.0,-0.5,7044,-42,L 2.9
22,101,1761293244.311923,1761293248.683101,-,-,64,1761293246.446131,-,140.63,130.21,49.8,34.1,26.8,L 2.3,-2,7223,42,L 6.7
22,102,1761293265.194625,1761293269.463582,-,-,60,1761293267.22929,-,132.71,122.27,43.7,31.6,23,L 0.1,0.4,7144,26,R 2.4
22,103,1761293282.974555,1761293287.343556,-,-,59,1761293284.942256,-,136.24,125.81,44.6,34.7,24.5,L 1.1,-1.2,7193,40,R 0.4
22,104,1761293298.152036,1761293302.38735,-,-,59,1761293300.119535,-,135.9,125.83,44.4,32.7,24.7,R 0.2,0,7202,24,R 3.6
22,105,1761293316.396933,1761293321.235628,-,-,68,1761293318.664777,-,142.58,131.89,46.1,39,22.6,L 0.6,-0.4,6871,125,R 4.9
22,106,1761293335.509712,1761293340.413583,-,-,65,1761293337.678833,-,146.05,135.63,47.2,34.9,24,L 1.0,-1.2,7191,17,L 0.2
22,107,1761293354.123483,1761293358.459482,-,-,61,1761293356.157823,-,143.08,132.34,46.2,33.2,24.1,L 0.2,-0.1,7194,144,R 6.6
22,108,1761293370.534097,1761293375.070763,-,-,68,1761293372.802303,-,136.56,126.53,45.5,41.7,25.6,L 0.8,-0.7,7516,123,R 2.9
23,1,1761613557.025649,1761613560.261217,43,1761613559.139477,65,1761613559.193833,0.05,121.6,111.72,41.2,32.2,27.9,R 2.0,1.2,7371,-21,R 3.1
23,2,1761613584.812135,1761613587.981617,41,1761613586.825236,62,1761613586.914255,0.09,-,-,-,-,-,-,-,-,-,-
23,3,1761613607.928813,1761613611.264535,43,1761613610.05524,65,1761613610.130394,0.08,-,-,-,-,-,-,-,-,-,-
23,4,1761613628.143566,1761613632.079336,42,1761613630.231299,64,1761613630.2782,0.05,-,-,-,-,-,-,-,-,-,-
23,5,1761613659.367139,1761613662.535417,43,1761613661.521713,65,1761613661.568275,0.05,127.09,117.37,43.3,33.8,27.5,R 1.4,0.5,7649,-76,R 0.3
23,6,1761613679.080143,1761613682.315839,43,1761613681.24719,65,1761613681.248402,0,122.68,112.49,41.1,31.6,25.7,R 3.4,2.8,6905,34,R 11.1
23,7,1761613700.495528,1761613703.631249,42,1761613702.624802,64,1761613702.630431,0.01,122.38,112.31,41.3,32.1,27.1,R 1.6,0.9,7230,-22,R 2.1
23,8,1761613720.409681,1761613723.679113,43,1761613722.550538,66,1761613722.611711,0.06,121.71,112.14,41.3,32.3,27.5,R 0.9,0.1,7322,-44,L 0.1
23,9,1761613739.789437,1761613742.859673,43,1761613741.925562,65,1761613741.959084,0.03,121.67,111.75,41.2,32.1,27.5,R 2.1,1.2,7294,-55,R 2.6
23,10,1761613757.840182,1761613760.874946,42,1761613759.948841,64,1761613759.974451,0.03,129.8,119.16,43,33,25.2,L 1.1,-1.8,7098,-60,L 5.9
23,11,1761613775.851789,1761613779.353997,43,1761613778.022184,66,1761613778.052782,0.03,126.04,116.44,43.2,34,28.7,R 3.0,2,7881,-70,R 4.7
23,12,1761613939.868133,1761613943.304075,43,1761613941.983955,65,1761613942.036441,0.05,125.03,114.06,42,31.6,22.8,L 0.6,-1.1,6395,-131,L 5.0
23,13,1761613955.379646,1761613958.515124,43,1761613957.453936,65,1761613957.547768,0.09,115.66,105.56,39.6,30.3,24.8,R 0.7,0.3,6465,34,R 3.9
23,14,1761613972.691725,1761613975.96032,43,1761613974.876439,66,1761613974.892848,0.02,115.95,106.34,39.8,30.9,26.9,R 2.3,1.4,6930,-135,R 1.6
23,15,1761613991.30657,1761613994.508828,43,1761613993.450429,65,1761613993.474206,0.02,118.83,109.64,41.1,39.1,29.5,R 4.6,3.7,7675,6,R 12.5
23,16,1761614015.423414,1761614018.758576,42,1761614017.531532,64,1761614017.557886,0.03,120.12,110.54,40.8,31.6,26.5,R 0.9,0.2,7015,-32,R 0.2
23,17,1761614033.534759,1761614036.638486,43,1761614035.65494,65,1761614035.703208,0.05,113.23,99.57,39,34.2,18.6,L 0.5,-0.9,4646,-158,L 4.0
23,18,1761614052.549494,1761614056.518507,43,1761614054.679512,65,1761614054.717771,0.04,126.91,117,42.5,32.8,25.8,R 2.5,1.6,7158,-90,R 3.0
23,19,1761614070.662785,1761614073.831839,43,1761614072.80292,65,1761614072.864439,0.06,119.4,109.56,41,32.3,28.8,R 4.7,3.7,7524,-14,R 12.1
23,20,1761614093.178395,1761614096.214725,42,1761614095.281953,64,1761614095.314238,0.03,126.38,116.24,42.3,38.3,25,R 2.2,1.3,6935,-129,R 1.3
23,21,1761614111.592124,1761614116.46455,44,1761614113.755814,67,1761614113.827027,0.07,118.19,107.74,40.4,30.5,23.3,R 2.3,1.5,6282,-116,R 2.0
23,22,1761614132.908134,1761614138.045655,64,1761614136.084654,96,1761614136.143121,0.06,121.8,111.35,41.4,31.1,22.8,R 2.4,1.3,6304,-197,R 0.9
23,23,1761614169.836438,1761614172.970996,42,1761614171.880888,64,1761614171.970642,0.09,121.48,111.36,41,34.1,24.8,R 2.2,1.5,6680,-72,R 2.4
23,24,1761614188.24755,1761614191.449972,45,1761614190.454877,68,1761614190.515931,0.06,115.33,105.72,39.6,30.6,25.9,R 0.0,-0.9,6697,-121,L 3.3
23,25,1761614210.36337,1761614214.166193,42,1761614212.483329,63,1761614212.49824,0.01,124.27,114.01,41.7,31.6,23.9,R 1.1,0.5,6602,-90,L 0.4
23,26,1761614226.875453,1761614229.944305,43,1761614228.954603,65,1761614229.043621,0.09,125.28,114.87,42,32,24.4,R 3.1,2,6752,-214,R 2.0
23,27,1761614247.891508,1761614251.192773,44,1761614250.081891,67,1761614250.125693,0.04,124.52,114.29,41.8,32.1,25.2,R 2.3,1.5,6914,-129,R 1.6
23,28,1761614271.607503,1761614274.909943,44,1761614273.812541,67,1761614273.842494,0.03,132.05,122.35,44.6,34.6,26.8,L 0.5,-1.1,7702,-63,L 4.5
23,29,1761614290.257507,1761614293.358698,43,1761614292.436596,66,1761614292.458313,0.02,125.69,115.38,42.1,32.6,26.4,R 1.0,0.2,7212,-62,L 0.2
23,30,1761614308.867613,1761614311.869981,42,1761614310.960521,64,1761614311.002593,0.04,127.54,117.55,42.6,32.8,25.5,R 2.0,1.2,7110,-48,R 2.4
23,31,1761614329.882979,1761614332.918674,42,1761614331.937615,64,1761614332.017946,0.08,113.1,101.81,39.1,29,21,R 1.4,0.7,5292,-135,L 0.2
23,32,1761614346.395097,1761614350.664572,42,1761614348.458954,64,1761614348.52979,0.07,125.14,114.76,41.9,31.6,23.6,L 0.8,-1.3,6560,-127,L 5.6
23,33,1761614363.907494,1761614367.009756,42,1761614365.981586,64,1761614366.042286,0.06,124.48,114.6,41.9,32.1,25.1,R 0.9,0,6901,-146,L 1.9
23,34,1761614415.544829,1761614418.713851,45,1761614417.748447,68,1761614417.813211,0.06,130.15,119.7,43.2,32.9,24.1,R 0.6,-0.1,6877,-162,L 3.2
23,35,1761614432.6571,1761614435.725946,43,1761614434.820498,66,1761614434.858663,0.04,132.89,122.82,44,30.6,25.8,R 2.5,1.8,7372,-36,R 4.3
23,36,1761614454.573143,1761614457.642026,43,1761614456.64869,65,1761614456.741367,0.09,127.4,117,42.5,32.9,26.2,R 2.1,1.3,7248,-50,R 2.7
23,37,1761614470.985792,1761614474.887486,43,1761614473.119965,65,1761614473.153361,0.03,126.57,116.2,42,38.8,25.8,R 5.4,4.4,7077,-1,R 14.5
23,38,1761614493.300761,1761614496.403004,43,1761614495.39874,65,1761614495.468968,0.07,125.98,115.24,42.3,31.8,22.8,L 0.7,-1.3,6445,-155,L 5.7
23,39,1761614510.115615,1761614514.683594,43,1761614512.270531,65,1761614512.316163,0.05,124.8,114.52,42.1,31.8,22.9,R 1.1,0.5,6447,-105,L 0.6
23,40,1761614526.82713,1761614531.329388,43,1761614528.942064,65,1761614528.994906,0.05,124.9,114.93,41.9,33.5,24.6,R 2.8,2.1,6786,-67,R 4.0
23,41,1761614542.537856,1761614547.107918,43,1761614544.662368,64,1761614544.706859,0.04,120.31,110.02,40.7,27.7,23.6,R 4.6,3.8,6382,7,R 11.7
23,42,1761614558.449023,1761614562.920823,44,1761614560.632995,67,1761614560.683955,0.05,120.76,110.88,40.9,31.7,26.5,R 3.3,2.3,7032,-76,R 5.2
23,43,1761614580.863871,1761614585.36574,42,1761614582.91177,64,1761614582.99809,0.09,117.49,103.11,40,34.8,17.9,L 1.6,-2.1,4563,-289,L 8.5
23,44,1761615246.873914,1761615251.111318,43,1761615248.979916,65,1761615249.04164,0.06,121.42,110.96,40.9,31.2,24.3,R 2.6,1.9,6580,-71,R 3.6
23,45,1761615267.855458,1761615271.924243,43,1761615269.94283,65,1761615270.023272,0.08,121.98,111.49,41.4,31.2,22.7,R 2.3,1.3,6289,-158,R 1.2
23,46,1761615283.799196,1761615288.035578,44,1761615285.952693,66,1761615286.000801,0.05,120.05,109.68,40.9,30.9,23.2,R 4.6,3.5,6334,-184,R 5.9
23,47,1761615304.213897,1761615308.750659,44,1761615306.365268,66,1761615306.415456,0.05,122.66,111.76,41.4,37.4,22.8,R 0.6,0,6319,-78,L 1.5
23,48,1761615320.561404,1761615325.196882,43,1761615322.675316,66,1761615322.762376,0.09,127.6,117.45,42.6,32.4,23.9,L 0.6,-1.4,6749,-157,L 5.6
23,49,1761615337.239416,1761615341.910617,44,1761615339.38561,67,1761615339.473728,0.09,121.3,111.12,41.3,31.1,22.6,R 1.5,0.7,6251,-134,L 0.2
23,50,1761615357.451111,1761615362.122405,41,1761615359.447969,62,1761615359.520527,0.07,126.14,116.03,42.2,32.4,25.4,R 0.1,-0.4,7004,-47,L 2.3
23,51,1761615374.631773,1761615379.401673,44,1761615376.758633,66,1761615376.833327,0.07,119.87,109.74,40.6,31.1,25,R 2.2,1.4,6684,-91,R 2.1
23,52,1761615395.913953,1761615400.551694,44,1761615398.071763,66,1761615398.115343,0.04,115.65,105.03,39.6,29.8,22.6,R 3.2,2.4,5994,-108,R 4.1
23,53,1761615411.894783,1761615417.431774,43,1761615414.031595,65,1761615414.061905,0.03,122.01,111.4,41.3,31.2,23.6,R 0.5,-0.2,6468,-123,L 2.4
23,54,1761615428.00438,1761615432.773849,44,1761615430.19155,67,1761615430.238955,0.05,125.57,116.11,42.9,33.4,27.6,R 3.1,2.2,7588,-59,R 5.1
23,55,1761615456.89059,1761615461.560615,44,1761615459.059334,67,1761615459.125535,0.07,125.77,115.53,42.1,35.5,25.1,R 0.1,-0.4,6931,-110,L 3.3
23,56,1761615476.238257,1761615481.007575,43,1761615478.371231,66,1761615478.439496,0.07,115.97,105.29,39.7,29.8,22.5,L 0.8,-1.3,5988,-146,L 5.0
23,57,1761615497.252241,1761615501.889705,42,1761615499.334145,64,1761615499.387899,0.05,128.85,118.84,43,33.2,26.3,R 1.7,0.9,7341,-47,R 1.8
23,58,1761615513.464835,1761615517.970324,42,1761615515.544131,64,1761615515.599665,0.06,124.12,113.89,41.7,35.8,24,R 2.6,1.7,6623,-137,R 2.3
23,59,1761615535.047382,1761615540.050205,42,1761615537.107415,63,1761615537.181905,0.07,124.83,114.33,41.8,32.3,26.3,R 1.6,0.8,7153,-55,R 1.3
23,60,1761615558.698182,1761615563.636156,43,1761615560.771993,65,1761615560.865715,0.09,119.03,109.41,40.9,32.3,29.5,R 6.1,5.4,7638,161,R 20.6
23,61,1761615582.414526,1761615587.118707,42,1761615584.486602,64,1761615584.549365,0.06,123.37,112.73,41.7,31.5,22.5,L 0.6,-1.3,6290,-147,L 5.0
23,62,1761615604.730475,1761615609.167065,43,1761615606.850379,65,1761615606.898711,0.05,124.4,114.21,41.8,34.4,26.7,R 2.8,1.8,7226,-73,R 3.9
23,63,1761615624.478008,1761615629.181474,44,1761615626.612553,66,1761615626.679702,0.07,122.64,112.31,41.3,31.4,24,R 1.6,0.8,6561,-131,0.0
23,64,1761615646.760767,1761615651.497538,42,1761615648.876269,64,1761615648.895605,0.02,124.3,114,41.7,32,25.6,R 1.8,1.2,6973,-76,R 1.5
23,65,1761615792.966133,1761615797.702909,44,1761615795.116359,67,1761615795.20103,0.08,124.59,114.58,41.9,31.7,23.4,R 0.8,0,6524,-151,L 2.1
23,66,1761615811.079277,1761615814.915472,43,1761615813.177485,65,1761615813.247576,0.07,121.75,111.97,41.2,32.3,28.3,R 2.5,1.9,7467,-5,R 6.7
23,67,1761615830.195475,1761615834.498271,41,1761615832.239228,63,1761615832.296378,0.06,124.32,113.97,41.9,31.6,23,R 1.6,1.1,6441,-32,R 1.9
23,68,1761615849.508019,1761615854.744492,42,1761615851.601156,64,1761615851.642937,0.04,125.08,114.69,41.9,38.3,24.5,R 0.3,-0.3,6772,-140,L 3.2
23,69,1761615871.022519,1761615875.660159,43,1761615873.164439,65,1761615873.190754,0.03,127.13,116.78,42.4,32.6,25.6,R 1.7,1,7083,-44,R 1.9
23,70,1761615891.136891,1761615896.306938,44,1761615893.276829,66,1761615893.338698,0.06,123.08,113.04,41.4,31.9,25.9,R 4.1,3.3,6998,-67,R 7.4
23,71,1761615910.852618,1761615915.558217,43,1761615912.938942,65,1761615913.020439,0.08,126.49,116.26,42.2,32.6,26.3,R 0.8,0.3,7195,-8,R 2.0
23,72,1761615930.063694,1761615934.468295,44,1761615932.250839,67,1761615932.300106,0.05,126.4,116.33,42.2,32.7,26.5,R 2.6,1.9,7244,-5,R 7.1
23,73,1761615949.379096,1761615953.949708,42,1761615951.412644,62,1761615951.48056,0.07,122.69,113.02,41.4,32.2,27.1,R 1.4,0.8,7261,-8,R 3.5
23,74,1761615972.095498,1761615977.402203,42,1761615974.176667,64,1761615974.230366,0.05,120.98,110.66,40.9,37.8,25.6,R 1.8,1,6858,-151,R 0.3
23,75,1761615989.843414,1761615995.046327,43,1761615991.937609,65,1761615992.010307,0.07,116.18,106.02,40,30.2,23.3,R 2.0,1,6204,-143,R 0.8
23,76,1761616008.522693,1761616012.824336,43,1761616010.649136,64,1761616010.690174,0.04,124.93,114.31,41.7,31.5,23.5,R 4.7,3.8,6514,-62,R 8.8
23,77,1761616027.735586,1761616032.072048,43,1761616029.810941,64,1761616029.903825,0.09,119.57,109.92,40.7,31.5,26.3,R 2.9,2,6954,-134,R 2.9
23,78,1761616047.950153,1761616052.623759,45,1761616050.123453,68,1761616050.218469,0.1,121.4,111.13,41,31.4,24.8,R 0.9,0.1,6697,-133,L 1.6
23,79,1761616068.364323,1761616073.301804,44,1761616070.485998,66,1761616070.566424,0.08,127.09,116.74,42.5,33.1,27.3,R 1.7,1.1,7476,-19,R 2.5
23,80,1761616086.077555,1761616090.61523,42,1761616088.146878,64,1761616088.212442,0.07,119.23,109.2,40.5,36.1,24.3,R 2.9,2,6512,-128,R 3.0
23,81,1761616107.627145,1761616112.696727,45,1761616109.860254,69,1761616109.928461,0.07,117.75,107.74,40.4,30.6,23.5,R 1.0,0.1,6330,-131,L 1.1
23,82,1761616127.676282,1761616132.176744,45,1761616129.872582,68,1761616129.976503,0.1,116.95,106.09,40,30.2,23,R 0.2,-0.3,6154,-95,L 2.3
23,83,1761616148.52279,1761616152.892578,42,1761616150.585342,64,1761616150.657459,0.07,122.77,112.34,41.3,31.6,24.9,R 1.6,0.8,6763,-124,R 0.1
23,84,1761616168.937144,1761616173.740788,44,1761616171.047948,66,1761616171.138937,0.09,123.82,113.85,41.7,31.9,26.9,R 1.5,0.5,6835,-140,L 0.4
23,85,1761616192.554677,1761616197.226041,44,1761616194.662495,66,1761616194.756079,0.09,115.57,104.73,39.6,29.5,21.5,R 3.3,2.7,5617,5,R 7.9
23,86,1761616212.667265,1761616217.339019,44,1761616214.824916,67,1761616214.903885,0.08,127.27,116.77,42.5,33,26.9,R 3.1,2.2,7379,-79,R 4.7
23,87,1761616228.180098,1761616232.88356,44,1761616230.334471,66,1761616230.381776,0.05,121.32,110.67,41.3,36.2,21.6,R 0.8,-0.1,6039,-142,L 1.8
23,88,1761616248.328043,1761616253.19812,44,1761616250.446861,66,1761616250.52959,0.08,116.25,105.87,39.9,30.2,23.7,R 3.7,2.7,6283,-132,R 4.8
23,89,1761616268.908134,1761616273.582761,44,1761616271.059559,66,1761616271.144544,0.08,118.7,108.54,40.6,30.9,24,R 3.4,2.3,6470,-188,R 3.3
23,90,1761616303.568219,1761616307.67309,39,1761616305.530795,60,1761616305.569416,0.04,121.31,109.92,40.9,34.2,20.8,R 0.8,1,5671,326,R 12.5
23,91,1761616332.287715,1761616337.091897,42,1761616334.348548,63,1761616334.390319,0.04,124.55,114.25,41.5,31.6,24.1,R 5.1,4.3,6627,96,R 15.7
23,92,1761616351.671279,1761616356.107599,43,1761616353.760506,65,1761616353.838831,0.08,119.86,109.08,40.5,36.3,21.7,R 2.4,2,5917,98,R 8.8
23,93,1761616372.117591,1761616376.155061,44,1761616374.223112,65,1761616374.319066,0.1,123.22,112.56,41.5,31.1,22.2,R 1.6,1.1,6182,9,R 4.4
23,94,1761616395.801521,1761616400.103364,42,1761616397.83766,64,1761616397.935767,0.1,127.62,117.44,42.6,36.8,23.8,R 2.8,1.9,6732,-140,R 2.5
23,95,1761616416.048867,1761616419.885025,42,1761616418.100142,64,1761616418.183804,0.08,125.45,113.85,42,37.4,20.7,R 0.0,-0.8,5870,-189,L 4.4
23,96,1761616435.329566,1761616440.102723,42,1761616437.412039,64,1761616437.464432,0.05,121.48,111.12,41.2,36.4,23,R 1.0,0.5,6337,-42,R 0.3
23,97,1761616477.626705,1761616481.629534,44,1761616479.688083,66,1761616479.828266,0.14,127.09,116.59,42.4,35.4,23.1,R 0.0,-0.7,6527,-151,L 4.1
23,98,1761616497.475055,1761616502.077827,44,1761616499.650381,67,1761616499.70975,0.06,123.1,112.83,41.1,38.1,25.9,R 3.8,3.5,6953,266,R 18.6
23,99,1761616517.488335,1761616522.125436,45,1761616519.71274,68,1761616519.756155,0.04,4,-,-,-,-,-,-,-,-,-
23,100,1761616618.294758,1761616622.664653,42,1761616620.324721,63,1761616620.396326,0.07,127.17,116.63,42.6,38,21.1,R 0.0,-0.1,6081,69,R 3.4
23,101,1761616639.779551,1761616643.279712,41,1761616641.837974,63,1761616641.879651,0.04,120.75,110.47,40.9,37.1,23.3,R 1.0,0.6,6361,35,R 4.9
23,102,1761616678.104523,1761616682.841381,44,1761616680.261645,66,1761616680.306169,0.04,118.6,108.13,40.5,30.6,23.2,R 0.0,-0.7,6278,-110,L 3.1
23,103,1761616698.31921,1761616702.88908,44,1761616700.424065,66,1761616700.52073,0.1,125.99,115.7,42.1,38.8,25.4,R 2.2,1.6,6995,-37,R 3.3
23,104,1761616718.534509,1761616721.936284,44,1761616720.686548,67,1761616720.768813,0.08,113.32,103.06,39,35.2,22.4,R 1.4,1.1,5772,108,R 6.4
24,1,1763115411.856009,1763115417.99425,48,1763115414.28612,72,1763115414.257838,-0.03,114.28,103.83,39.3,28.5,24.9,R 1.4,0.7,6414,-74,R 0.6
24,2,1763115453.620449,1763115460.358372,48,1763115456.063182,72,1763115456.022166,-0.04,111.75,100.83,38.9,29.3,21.7,R 1.5,0.5,5505,-184,L 0.6
24,3,1763115484.311577,1763115490.814496,47,1763115486.783082,72,1763115486.712734,-0.07,120.89,110.52,41.1,29.5,23.1,R 1.3,0.5,6324,-104,L 0.2
24,4,1763115516.433328,1763115523.905053,50,1763115519.053986,76,1763115518.96835,-0.09,118.68,108.04,40.2,30.8,25.4,R 1.8,1,6689,-124,R 0.7
24,5,1763115551.458622,1763115557.229554,51,1763115554.126706,77,1763115554.027159,-0.1,114.99,104.25,39.5,29.7,22.5,R 4.3,3.2,5916,-211,R 4.6
24,6,1763115625.813384,1763115632.318118,50,1763115628.374802,75,1763115628.315152,-0.06,124.2,114.32,41.9,32.7,27.7,R 3.4,2.4,7450,-66,R 5.8
24,7,1763115657.636762,1763115663.109625,51,1763115660.245448,76,1763115660.205288,-0.04,106.47,95.19,37.3,33.4,21.5,R 0.3,-1.3,5003,-2,R 0.7
24,8,1763115683.855985,1763115689.193202,51,1763115686.46243,77,1763115686.424582,-0.04,103.18,92.18,36.4,32.4,22.3,R 4.5,3.8,5012,84,R 11.0
24,9,1763115712.476966,1763115720.316082,51,1763115715.080969,77,1763115715.045496,-0.04,114.97,105.01,39.4,30.4,26,R 1.4,0.7,6671,-89,R 0.3
24,10,1763115745.134309,1763115752.506407,51,1763115747.802165,77,1763115747.702899,-0.1,117.23,106.9,40.2,35,22.8,R 0.0,-0.4,6134,-73,L 2.5
24,11,1763115783.729434,1763115790.267474,52,1763115786.427186,78,1763115786.331356,-0.1,116.22,106.29,39.8,34.4,23.9,R 3.4,2.7,6325,-6,R 8.2
24,12,1763115813.752422,1763115818.689246,52,1763115816.446632,77,1763115816.354475,-0.09,112.12,101.18,38.8,29,21.8,L 0.5,-0.9,5493,-115,L 3.7
24,13,1763115842.973577,1763115849.711008,49,1763115845.46543,74,1763115845.441761,-0.02,123.8,113.92,41.5,31.8,25.1,R 1.8,1.3,6828,38,R 7.2
24,14,1763115872.830009,1763115879.368021,53,1763115875.534908,80,1763115875.531296,0,116.78,106.2,40,34.9,23.6,R 1.7,0.9,6278,-123,R 0.6
24,15,1763115899.314353,1763115905.75504,52,1763115902.002053,78,1763115901.949062,-0.05,122.97,122.36,41.5,31.4,23.5,L 0.7,-1.1,6482,-86,L 4.6
24,16,1763115940.546094,1763115945.94852,51,1763115943.178726,77,1763115943.11391,-0.06,119.01,108.75,40.7,30.5,22.6,L 2.1,-2.6,6169,-180,L 8.5
24,17,1763115965.864615,1763115971.20274,50,1763115968.495126,76,1763115968.398978,-0.1,115.95,105.4,39.9,35.3,22.6,R 4.0,3,6063,-164,R 4.9
24,18,1763115992.583812,1763115999.154217,54,1763115995.412562,82,1763115995.318767,-0.09,110.03,99.98,37.9,27.3,27.2,R 3.6,3.2,6604,164,R 12.8
24,19,1763116023.93919,1763116028.475913,55,1763116026.782883,83,1763116026.707933,-0.07,118.03,107.74,40.1,35.9,24.8,R 0.3,-0.1,6555,-91,L 2.1
24,20,1763116058.030922,1763116065.069412,54,1763116060.804922,80,1763116060.732839,-0.07,124.77,114.65,41.9,31.7,23.3,L 0.1,-0.8,6503,-141,L 4.1
24,21,1763116182.823046,1763116188.29337,49,1763116185.335591,74,1763116185.291358,-0.04,116.45,106.16,39.7,30.4,25,R 1.6,0.9,6537,-84,R 0.9
24,22,1763116210.877478,1763116215.312922,49,1763116213.453805,75,1763116213.378673,-0.08,116.25,105.48,40,29.8,21.5,R 1.0,0.3,5695,-144,L 1.1
24,23,1763116236.061881,1763116243.233863,53,1763116238.770205,80,1763116238.730482,-0.04,120.13,110.06,40.7,31.1,24.7,R 0.0,-0.5,6618,-104,L
24,24,1763116260.980301,1763116268.885906,53,1763116263.736377,80,1763116263.648567,-0.09,115.13,105.34,39.8,30,22.8,R 3.3,2.6,6082,-67,R 5.1
24,25,1763116285.500529,1763116292.102845,52,1763116288.202226,79,1763116288.134116,-0.07,116.79,106.54,39.9,36.1,23.2,R 3.0,2.6,6168,130,R 10.7
24,26,1763116311.751516,1763116319.422491,51,1763116314.419209,77,1763116314.319616,-0.1,109.53,100.2,38,29.6,27.1,R 3.3,2.6,6614,4,R 7.9
24,27,1763116340.772078,1763116347.143423,56,1763116343.638136,85,1763116343.606294,-0.03,106.51,90.62,37.9,32.3,15.2,L 0.7,-2.5,4161,-29,L 2.7
24,28,1763116371.060568,1763116377.398454,54,1763116373.807679,81,1763116373.762475,-0.05,100.49,88.35,35.9,26.7,21.1,R 0.6,-0.2,4491,-182,L 1.8
24,29,1763116396.280306,1763116402.850302,53,1763116399.074046,81,1763116398.981083,-0.09,111.97,102.45,38.6,30.5,29.2,R 4.9,4.2,7128,93,R 14.8
24,30,1763116420.896959,1763116428.571333,54,1763116423.740025,82,1763116423.632197,-0.11,110.03,96.69,38.2,30.4,19,R 1.3,0.8,4679,-36,R 1.1
24,31,1763116452.454766,1763116458.958458,49,1763116455.060313,75,1763116454.956141,-0.1,115.61,105.54,39.5,30.6,26.7,R 4.1,3.2,6831,-81,R 6.8
24,32,1763116480.940239,1763116487.97927,53,1763116483.62882,80,1763116483.609445,-0.02,114.24,102.5,39.3,29.1,20.7,L 2.6,-3.1,5247,-227,L 9.5
24,33,1763116505.558908,1763116513.664701,50,1763116508.094668,75,1763116508.060629,-0.03,118.56,108.74,40.3,31.1,25.9,R 3.1,2.3,6816,-43,R 5.3
24,34,1763116535.380607,1763116543.21961,54,1763116538.164146,82,1763116538.115941,-0.05,118.69,108.36,40.2,30.7,25,R 1.5,0.9,6598,-19,R 1.9
24,35,1763116559.931782,1763116567.303887,52,1763116562.629995,79,1763116562.567036,-0.06,122.5,112.27,41.6,37.3,22,R 1.1,0.6,6145,-76,0.0
24,36,1763116584.619806,1763116592.722542,52,1763116587.346005,79,1763116587.253583,-0.09,113.47,102.62,39.3,33.8,21.7,L 0.3,-1.9,5588,-172,L 4.2
24,37,1763116610.736597,1763116617.507403,52,1763116613.462923,79,1763116613.370557,-0.09,111.06,100.9,38.4,35.3,25,R 2.5,2,6289,26,R 7.7
24,38,1763116638.656245,1763116645.160686,50,1763116641.230911,75,1763116641.157959,-0.07,111.98,98.56,38.8,28.3,18.7,R 2.9,2,4661,-211,R 1.9
24,39,1763116663.77433,1763116671.746845,52,1763116666.447246,79,1763116666.408605,-0.04,116.66,105.8,39.9,29.8,22,L 1.7,-2.5,5856,-206,L 7.8
24,40,1763116689.094446,1763116695.797958,53,1763116691.813677,80,1763116691.762422,-0.05,119.57,108.05,40.1,30,22.2,R 1.6,1.9,5995,443,R 17.7
24,41,1763116714.311878,1763116722.383742,56,1763116717.180109,84,1763116717.113701,-0.07,114.77,105.26,39.5,37,27.4,R 0.5,0,6988,-77,L 1.6
24,42,1763116744.132777,1763116751.972189,52,1763116746.849329,79,1763116746.768412,-0.08,109.4,99.2,38.1,34.8,23.9,R 0.8,0.3,6015,-3,R 1.8
24,43,1763116770.221438,1763116776.893388,52,1763116772.916214,79,1763116772.854938,-0.06,115.11,104.39,39.7,29.6,21.7,R 0.8,0.2,5703,-125,L 1.3
24,44,1763116794.403113,1763116801.741973,54,1763116797.181933,81,1763116797.105138,-0.08,113.12,103.12,39.1,29.9,25,R 1.5,0.8,6403,-48,R 1.4
24,45,1763116822.491611,1763116829.262123,51,1763116825.15005,77,1763116825.059737,-0.09,114.39,104.25,39.5,29.9,23.6,R 0.7,0,6192,-94,L 1.2
24,46,1763116847.942389,1763116854.480488,52,1763116850.666579,79,1763116850.577631,-0.09,112.67,102.35,38.9,29.9,25.6,R 0.1,-0.4,6496,-73,L 2.2
24,47,1763116872.12776,1763116877.199196,50,1763116874.732168,76,1763116874.662589,-0.07,117.63,107.08,40.1,30.3,23.1,R 0.2,-0.1,6192,-5,R 0.5
24,48,1763116899.549351,1763116903.084206,49,1763116902.099897,75,1763116902.050428,-0.05,120.22,109.68,41,30.7,22,R 2.1,1.3,6070,-121,R 1.4
24,49,1763116925.46723,1763116934.905895,52,1763116928.166782,79,1763116928.101355,-0.07,110.79,100.39,38.7,29,22,R 0.0,-0.5,5553,-119,L 2.8
24,50,1763116951.584715,1763116959.92406,53,1763116954.2837,80,1763116954.253317,-0.03,107.19,94.5,37.5,27.7,20.1,R 0.8,0.4,4575,-33,R 0.2
24,51,1763116981.808346,1763116987.944907,51,1763116984.403211,77,1763116984.376327,-0.03,103.16,93.04,36.4,27.9,25.2,R 3.4,2.7,5914,-34,R 5.8
24,52,1763117540.78176,1763117548.252248,50,1763117543.337825,76,1763117543.316341,-0.02,115.57,105.16,39.7,30.1,23.9,L 1.7,-2.2,6298,-141,L 7.1
24,53,1763117563.53126,1763117571.369853,54,1763117566.191381,81,1763117566.233199,0.04,109.7,99.9,38.3,29.4,25.1,R 3.8,2.9,6288,-104,R 5.4
24,54,1763117588.018112,1763117595.020783,51,1763117590.545171,77,1763117590.585494,0.04,102.38,92.2,36,27.7,25.4,R 5.5,4.8,5860,111,R 13.8
24,55,1763117615.737412,1763117624.374815,51,1763117618.249482,77,1763117618.305315,0.06,109.59,99.76,38.2,29.5,26,R 0.6,0.1,6443,-30,L 0.5
24,56,1763117640.656206,1763117647.025283,52,1763117643.253373,79,1763117643.290444,0.04,106.58,96.59,37.3,34.3,25.2,R 3.2,2.6,6117,41,R 9.0
24,57,1763117667.306323,1763117673.010422,52,1763117669.857513,77,1763117669.908227,0.05,101.62,90.93,36.1,31.2,23.5,R 1.5,0.9,5309,-51,R 1.3
24,58,1763117698.095674,1763117702.999046,52,1763117700.762322,79,1763117700.730794,-0.03,108.44,98.39,37.9,28.7,23.4,R 2.0,1.4,5810,-67,R 2.0
24,59,1763117727.38279,1763117732.720585,52,1763117730.016875,78,1763117729.985269,-0.03,119,109,40.4,30.8,24.4,R 1.1,0.6,6524,-49,R 0.4
24,60,1763117750.834335,1763117756.004008,50,1763117753.420517,76,1763117753.36914,-0.05,112.94,102.57,39.1,29.6,23.3,R 1.8,1.1,6065,-81,R 1.6
24,61,1763117776.352234,1763117783.92621,52,1763117778.974494,78,1763117778.954127,-0.02,118.8,108.28,40.6,36.5,22.3,L 1.1,-2.8,6074,-112,L 5.7
24,62,1763117804.772504,1763117812.613579,52,1763117807.428922,79,1763117807.408018,-0.02,113.81,103.52,39.3,29.9,24.2,R 0.3,-0.3,6295,-129,L 2.5
24,63,1763117846.205115,1763117855.108662,52,1763117848.835365,78,1763117848.806146,-0.03,103.2,92.78,36.5,27.5,22.8,R 1.6,1.3,5206,113,R 6.1
24,64,1763117870.62276,1763117878.459929,51,1763117873.189155,77,1763117873.190006,0,112.2,101.78,38.8,29.6,24.6,L 0.2,-0.8,6269,-77,L 3.0
24,65,1763117895.439475,1763117902.844442,52,1763117898.09303,79,1763117898.074647,-0.02,109.5,99.35,38.2,34.7,23.4,R 3.0,2.1,5882,-157,R 2.8
24,66,1763117929.862531,1763117935.569487,51,1763117932.448377,77,1763117932.43241,-0.02,110.15,100.14,38.4,29.3,24.5,R 1.8,1.1,6176,-77,R 1.6
24,67,1763117954.183203,1763117962.222551,52,1763117956.852174,79,1763117956.817971,-0.03,113.73,102.05,39.2,31.5,20.7,L 0.7,-1.4,5234,-176,L 4.9
24,68,1763117981.268833,1763117988.906304,55,1763117984.056408,83,1763117984.036606,-0.02,102.69,93.23,36.4,28.3,27,R 2.0,1.4,6269,22,R 5.9
24,69,1763118007.022502,1763118010.990911,54,1763118009.760408,82,1763118009.757028,0,93.76,78.99,34.1,24.8,18.4,R 8.4,7.9,4367,406,R 21.0
24,70,1763118034.640122,1763118041.47844,52,1763118037.264688,78,1763118037.242025,-0.02,107.5,97.06,37.7,28.5,23.2,R 0.9,0.4,5673,-53,R 0.1
24,71,1763118063.76131,1763118068.197845,53,1763118066.469232,79,1763118066.429876,-0.04,117.71,107.58,40.2,30.3,23.2,R 1.3,0.8,6216,15,R 4.9
24,72,1763118087.980712,1763118095.28462,54,1763118090.723007,82,1763118090.715528,-0.01,117.75,107.69,40.3,30.7,24.4,R 1.4,0.7,6494,-85,R 0.4
24,73,1763118111.997446,1763118119.46857,51,1763118114.576719,77,1763118114.565629,-0.01,110.62,100.2,38.3,29,23.5,R 0.1,-0.1,5927,-27,L 1.4
24,74,1763118138.048735,1763118146.588157,48,1763118140.530758,73,1763118140.483829,-0.05,113.22,102.67,38.9,29.6,24.2,R 2.0,1.4,6206,23,R 6.4
24,75,1763118164.334446,1763118171.072721,53,1763118166.984874,79,1763118167.003022,0.02,113.42,103.07,39.2,29.6,23.1,R 1.3,0.7,6041,-25,R 1.2
24,76,1763118191.954611,1763118200.460893,52,1763118194.539162,78,1763118194.556478,0.02,108.91,98.83,38,28.8,23.7,L 1.1,-1.5,5911,-112,L 5.1
24,77,1763118223.278595,1763118230.884952,55,1763118226.044065,83,1763118226.046712,0,103.67,89.37,37.2,29.3,16.8,R 0.7,0.1,4291,-152,L 1.3
24,78,1763118372.588746,1763118378.993925,-,-,74,1763118375.056324,-,110.46,100.41,38.4,31.6,23.5,R 1.4,0.8,5957,-92,R 0.4
24,79,1763118395.203521,1763118402.54151,-,-,75,1763118397.704649,-,118.39,108.75,40.2,31.1,26.5,R 3.1,2.4,6922,-6,R 7.7
24,80,1763118445.841585,1763118453.179609,-,-,76,1763118448.376123,-,119.13,108.43,40.5,30.7,23.8,L 0.6,-1,6402,-77,L 4.0
24,81,1763118493.373658,1763118499.878027,-,-,74,1763118495.84194,-,117.25,106.77,40.2,35.2,22.7,L 2.6,-2.9,6101,-185,L 9.6
24,82,1763118516.959309,1763118525.162994,-,-,83,1763118519.727208,-,103.82,92.94,36.8,27.6,22.2,R 1.5,0.8,5091,-114,R 0.5
24,83,1763118541.308604,1763118549.047119,-,-,81,1763118544.010441,-,113.58,102.49,39.1,28.9,20.8,L 2.2,-2.1,5206,88,L 1.4
24,84,1763118569.429202,1763118576.66731,-,-,79,1763118572.064282,-,118.13,107.91,40.4,30.6,23.8,R 1.8,1.1,6381,-106,R 1.1
24,85,1763118594.348053,1763118602.68576,-,-,78,1763118596.949426,-,117.41,107.56,40,30.6,25,R 2.8,2,6580,-43,R 4.4
24,86,1763118619.967476,1763118628.737543,-,-,81,1763118622.668512,-,113.88,103.11,39.4,35.3,21.8,R 1.1,0.3,5664,-157,L 1.0
24,87,1763118695.720213,1763118703.76036,-,-,81,1763118698.422125,-,109.28,98.58,38.2,28.7,22.5,L 0.1,-0.7,5549,-127,L 3.1
24,88,1763118717.837516,1763118725.574333,-,-,82,1763118720.572067,-,111.41,99.24,38.7,34.3,20.4,R 0.0,-0.6,4987,-186,L 3.4
24,89,1763118742.254344,1763118749.726119,-,-,77,1763118744.82241,-,116.18,105.96,39.9,30.4,24.1,R 0.7,0,6375,-113,L 1.6
24,90,1763118768.874218,1763118775.94717,-,-,77,1763118771.440855,-,104.76,95.09,37.1,28.4,24.9,R 1.4,0.8,6034,-43,R 1.2
24,91,1763118796.296036,1763118803.765845,-,-,75,1763118798.796378,-,-,-,-,-,-,-,-,-,-,-
24,92,1763119077.997719,1763119085.371433,47,1763119080.566439,71,1763119080.365976,-0.2,113.22,103.14,38.9,29.9,26.5,L 1.4,-1.8,6680,-100,L 6.0
24,93,1763119107.719436,1763119115.323263,49,1763119110.393192,75,1763119110.22059,-0.17,114.7,103.92,39.2,29.4,22.3,R 2.1,1.7,5763,59,R 7.2
24,94,1763119141.343963,1763119148.281898,51,1763119144.079878,77,1763119143.912079,-0.17,108.08,98.13,37.8,35,25.8,L 0.7,-1.1,6333,-66,L 3.7
24,95,1763119191.279646,1763119194.715491,48,1763119193.908101,73,1763119193.71476,-0.19,116.47,106.82,39.8,31.2,28.2,R 1.7,1.4,7186,75,R 7.5
24,96,1763119214.329696,1763119221.73698,52,1763119217.117826,79,1763119216.964997,-0.15,116.59,105.8,40.1,34.5,21.4,R 3.0,2.2,5689,-169,R 2.6
24,97,1763119239.383326,1763119247.453862,51,1763119242.082067,77,1763119241.950922,-0.13,115.53,105.42,39.8,34.4,23.6,L 1.1,-1.9,6252,-136,L 5.8
24,98,1763119264.933471,1763119272.304973,50,1763119267.647855,76,1763119267.468508,-0.18,120.74,110.1,40.8,30.7,22.8,R 3.4,2.8,6222,40,R 10.6
24,99,1763119291.253241,1763119299.226837,51,1763119293.965579,77,1763119293.821453,-0.14,114.72,104.64,39.3,30.2,25.8,R 3.1,2.2,6607,-102,R 4.0
24,100,1763119321.372737,1763119328.47918,51,1763119324.143235,77,1763119323.942585,-0.2,115.41,105.67,39.8,30.4,24.5,R 1.5,0.8,6437,-90,R 0.6
24,101,1763119348.393996,1763119354.330929,51,1763119351.162764,78,1763119350.995559,-0.17,115.26,105.07,39.2,25.6,25.7,R 2.1,2.1,6565,247,R 12.7
